<application>
  <component name="libraryTable">
    <library name="aws-partitions (v1.60.0, ruby-2.4.3-p205) [gem]">
      <CLASSES>
        <root url="file://$USER_HOME$/.rbenv/versions/2.4.3/lib/ruby/gems/2.4.0/gems/aws-partitions-1.60.0/lib" />
      </CLASSES>
      <JAVADOC />
      <SOURCES>
        <root url="file://$USER_HOME$/.rbenv/versions/2.4.3/lib/ruby/gems/2.4.0/gems/aws-partitions-1.60.0/lib" />
      </SOURCES>
    </library>
    <library name="aws-sdk (v3.0.1, ruby-2.4.3-p205) [gem]">
      <CLASSES>
        <root url="file://$USER_HOME$/.rbenv/versions/2.4.3/lib/ruby/gems/2.4.0/gems/aws-sdk-3.0.1/lib" />
      </CLASSES>
      <JAVADOC />
      <SOURCES>
        <root url="file://$USER_HOME$/.rbenv/versions/2.4.3/lib/ruby/gems/2.4.0/gems/aws-sdk-3.0.1/lib" />
      </SOURCES>
    </library>
    <library name="aws-sdk-acm (v1.3.0, ruby-2.4.3-p205) [gem]">
      <CLASSES>
        <root url="file://$USER_HOME$/.rbenv/versions/2.4.3/lib/ruby/gems/2.4.0/gems/aws-sdk-acm-1.3.0/lib" />
      </CLASSES>
      <JAVADOC />
      <SOURCES>
        <root url="file://$USER_HOME$/.rbenv/versions/2.4.3/lib/ruby/gems/2.4.0/gems/aws-sdk-acm-1.3.0/lib" />
      </SOURCES>
    </library>
    <library name="aws-sdk-alexaforbusiness (v1.1.0, ruby-2.4.3-p205) [gem]">
      <CLASSES>
        <root url="file://$USER_HOME$/.rbenv/versions/2.4.3/lib/ruby/gems/2.4.0/gems/aws-sdk-alexaforbusiness-1.1.0/lib" />
      </CLASSES>
      <JAVADOC />
      <SOURCES>
        <root url="file://$USER_HOME$/.rbenv/versions/2.4.3/lib/ruby/gems/2.4.0/gems/aws-sdk-alexaforbusiness-1.1.0/lib" />
      </SOURCES>
    </library>
    <library name="aws-sdk-apigateway (v1.9.0, ruby-2.4.3-p205) [gem]">
      <CLASSES>
        <root url="file://$USER_HOME$/.rbenv/versions/2.4.3/lib/ruby/gems/2.4.0/gems/aws-sdk-apigateway-1.9.0/lib" />
      </CLASSES>
      <JAVADOC />
      <SOURCES>
        <root url="file://$USER_HOME$/.rbenv/versions/2.4.3/lib/ruby/gems/2.4.0/gems/aws-sdk-apigateway-1.9.0/lib" />
      </SOURCES>
    </library>
    <library name="aws-sdk-applicationautoscaling (v1.7.0, ruby-2.4.3-p205) [gem]">
      <CLASSES>
        <root url="file://$USER_HOME$/.rbenv/versions/2.4.3/lib/ruby/gems/2.4.0/gems/aws-sdk-applicationautoscaling-1.7.0/lib" />
      </CLASSES>
      <JAVADOC />
      <SOURCES>
        <root url="file://$USER_HOME$/.rbenv/versions/2.4.3/lib/ruby/gems/2.4.0/gems/aws-sdk-applicationautoscaling-1.7.0/lib" />
      </SOURCES>
    </library>
    <library name="aws-sdk-applicationdiscoveryservice (v1.1.0, ruby-2.4.3-p205) [gem]">
      <CLASSES>
        <root url="file://$USER_HOME$/.rbenv/versions/2.4.3/lib/ruby/gems/2.4.0/gems/aws-sdk-applicationdiscoveryservice-1.1.0/lib" />
      </CLASSES>
      <JAVADOC />
      <SOURCES>
        <root url="file://$USER_HOME$/.rbenv/versions/2.4.3/lib/ruby/gems/2.4.0/gems/aws-sdk-applicationdiscoveryservice-1.1.0/lib" />
      </SOURCES>
    </library>
    <library name="aws-sdk-appstream (v1.5.0, ruby-2.4.3-p205) [gem]">
      <CLASSES>
        <root url="file://$USER_HOME$/.rbenv/versions/2.4.3/lib/ruby/gems/2.4.0/gems/aws-sdk-appstream-1.5.0/lib" />
      </CLASSES>
      <JAVADOC />
      <SOURCES>
        <root url="file://$USER_HOME$/.rbenv/versions/2.4.3/lib/ruby/gems/2.4.0/gems/aws-sdk-appstream-1.5.0/lib" />
      </SOURCES>
    </library>
    <library name="aws-sdk-appsync (v1.0.0, ruby-2.4.3-p205) [gem]">
      <CLASSES>
        <root url="file://$USER_HOME$/.rbenv/versions/2.4.3/lib/ruby/gems/2.4.0/gems/aws-sdk-appsync-1.0.0/lib" />
      </CLASSES>
      <JAVADOC />
      <SOURCES>
        <root url="file://$USER_HOME$/.rbenv/versions/2.4.3/lib/ruby/gems/2.4.0/gems/aws-sdk-appsync-1.0.0/lib" />
      </SOURCES>
    </library>
    <library name="aws-sdk-athena (v1.0.0, ruby-2.4.3-p205) [gem]">
      <CLASSES>
        <root url="file://$USER_HOME$/.rbenv/versions/2.4.3/lib/ruby/gems/2.4.0/gems/aws-sdk-athena-1.0.0/lib" />
      </CLASSES>
      <JAVADOC />
      <SOURCES>
        <root url="file://$USER_HOME$/.rbenv/versions/2.4.3/lib/ruby/gems/2.4.0/gems/aws-sdk-athena-1.0.0/lib" />
      </SOURCES>
    </library>
    <library name="aws-sdk-autoscaling (v1.4.0, ruby-2.4.3-p205) [gem]">
      <CLASSES>
        <root url="file://$USER_HOME$/.rbenv/versions/2.4.3/lib/ruby/gems/2.4.0/gems/aws-sdk-autoscaling-1.4.0/lib" />
      </CLASSES>
      <JAVADOC />
      <SOURCES>
        <root url="file://$USER_HOME$/.rbenv/versions/2.4.3/lib/ruby/gems/2.4.0/gems/aws-sdk-autoscaling-1.4.0/lib" />
      </SOURCES>
    </library>
    <library name="aws-sdk-autoscalingplans (v1.1.0, ruby-2.4.3-p205) [gem]">
      <CLASSES>
        <root url="file://$USER_HOME$/.rbenv/versions/2.4.3/lib/ruby/gems/2.4.0/gems/aws-sdk-autoscalingplans-1.1.0/lib" />
      </CLASSES>
      <JAVADOC />
      <SOURCES>
        <root url="file://$USER_HOME$/.rbenv/versions/2.4.3/lib/ruby/gems/2.4.0/gems/aws-sdk-autoscalingplans-1.1.0/lib" />
      </SOURCES>
    </library>
    <library name="aws-sdk-batch (v1.3.0, ruby-2.4.3-p205) [gem]">
      <CLASSES>
        <root url="file://$USER_HOME$/.rbenv/versions/2.4.3/lib/ruby/gems/2.4.0/gems/aws-sdk-batch-1.3.0/lib" />
      </CLASSES>
      <JAVADOC />
      <SOURCES>
        <root url="file://$USER_HOME$/.rbenv/versions/2.4.3/lib/ruby/gems/2.4.0/gems/aws-sdk-batch-1.3.0/lib" />
      </SOURCES>
    </library>
    <library name="aws-sdk-budgets (v1.5.0, ruby-2.4.3-p205) [gem]">
      <CLASSES>
        <root url="file://$USER_HOME$/.rbenv/versions/2.4.3/lib/ruby/gems/2.4.0/gems/aws-sdk-budgets-1.5.0/lib" />
      </CLASSES>
      <JAVADOC />
      <SOURCES>
        <root url="file://$USER_HOME$/.rbenv/versions/2.4.3/lib/ruby/gems/2.4.0/gems/aws-sdk-budgets-1.5.0/lib" />
      </SOURCES>
    </library>
    <library name="aws-sdk-cloud9 (v1.1.0, ruby-2.4.3-p205) [gem]">
      <CLASSES>
        <root url="file://$USER_HOME$/.rbenv/versions/2.4.3/lib/ruby/gems/2.4.0/gems/aws-sdk-cloud9-1.1.0/lib" />
      </CLASSES>
      <JAVADOC />
      <SOURCES>
        <root url="file://$USER_HOME$/.rbenv/versions/2.4.3/lib/ruby/gems/2.4.0/gems/aws-sdk-cloud9-1.1.0/lib" />
      </SOURCES>
    </library>
    <library name="aws-sdk-clouddirectory (v1.1.0, ruby-2.4.3-p205) [gem]">
      <CLASSES>
        <root url="file://$USER_HOME$/.rbenv/versions/2.4.3/lib/ruby/gems/2.4.0/gems/aws-sdk-clouddirectory-1.1.0/lib" />
      </CLASSES>
      <JAVADOC />
      <SOURCES>
        <root url="file://$USER_HOME$/.rbenv/versions/2.4.3/lib/ruby/gems/2.4.0/gems/aws-sdk-clouddirectory-1.1.0/lib" />
      </SOURCES>
    </library>
    <library name="aws-sdk-cloudformation (v1.3.0, ruby-2.4.3-p205) [gem]">
      <CLASSES>
        <root url="file://$USER_HOME$/.rbenv/versions/2.4.3/lib/ruby/gems/2.4.0/gems/aws-sdk-cloudformation-1.3.0/lib" />
      </CLASSES>
      <JAVADOC />
      <SOURCES>
        <root url="file://$USER_HOME$/.rbenv/versions/2.4.3/lib/ruby/gems/2.4.0/gems/aws-sdk-cloudformation-1.3.0/lib" />
      </SOURCES>
    </library>
    <library name="aws-sdk-cloudfront (v1.1.0, ruby-2.4.3-p205) [gem]">
      <CLASSES>
        <root url="file://$USER_HOME$/.rbenv/versions/2.4.3/lib/ruby/gems/2.4.0/gems/aws-sdk-cloudfront-1.1.0/lib" />
      </CLASSES>
      <JAVADOC />
      <SOURCES>
        <root url="file://$USER_HOME$/.rbenv/versions/2.4.3/lib/ruby/gems/2.4.0/gems/aws-sdk-cloudfront-1.1.0/lib" />
      </SOURCES>
    </library>
    <library name="aws-sdk-cloudhsm (v1.3.0, ruby-2.4.3-p205) [gem]">
      <CLASSES>
        <root url="file://$USER_HOME$/.rbenv/versions/2.4.3/lib/ruby/gems/2.4.0/gems/aws-sdk-cloudhsm-1.3.0/lib" />
      </CLASSES>
      <JAVADOC />
      <SOURCES>
        <root url="file://$USER_HOME$/.rbenv/versions/2.4.3/lib/ruby/gems/2.4.0/gems/aws-sdk-cloudhsm-1.3.0/lib" />
      </SOURCES>
    </library>
    <library name="aws-sdk-cloudhsmv2 (v1.1.0, ruby-2.4.3-p205) [gem]">
      <CLASSES>
        <root url="file://$USER_HOME$/.rbenv/versions/2.4.3/lib/ruby/gems/2.4.0/gems/aws-sdk-cloudhsmv2-1.1.0/lib" />
      </CLASSES>
      <JAVADOC />
      <SOURCES>
        <root url="file://$USER_HOME$/.rbenv/versions/2.4.3/lib/ruby/gems/2.4.0/gems/aws-sdk-cloudhsmv2-1.1.0/lib" />
      </SOURCES>
    </library>
    <library name="aws-sdk-cloudsearch (v1.0.0, ruby-2.4.3-p205) [gem]">
      <CLASSES>
        <root url="file://$USER_HOME$/.rbenv/versions/2.4.3/lib/ruby/gems/2.4.0/gems/aws-sdk-cloudsearch-1.0.0/lib" />
      </CLASSES>
      <JAVADOC />
      <SOURCES>
        <root url="file://$USER_HOME$/.rbenv/versions/2.4.3/lib/ruby/gems/2.4.0/gems/aws-sdk-cloudsearch-1.0.0/lib" />
      </SOURCES>
    </library>
    <library name="aws-sdk-cloudsearchdomain (v1.0.0, ruby-2.4.3-p205) [gem]">
      <CLASSES>
        <root url="file://$USER_HOME$/.rbenv/versions/2.4.3/lib/ruby/gems/2.4.0/gems/aws-sdk-cloudsearchdomain-1.0.0/lib" />
      </CLASSES>
      <JAVADOC />
      <SOURCES>
        <root url="file://$USER_HOME$/.rbenv/versions/2.4.3/lib/ruby/gems/2.4.0/gems/aws-sdk-cloudsearchdomain-1.0.0/lib" />
      </SOURCES>
    </library>
    <library name="aws-sdk-cloudtrail (v1.0.0, ruby-2.4.3-p205) [gem]">
      <CLASSES>
        <root url="file://$USER_HOME$/.rbenv/versions/2.4.3/lib/ruby/gems/2.4.0/gems/aws-sdk-cloudtrail-1.0.0/lib" />
      </CLASSES>
      <JAVADOC />
      <SOURCES>
        <root url="file://$USER_HOME$/.rbenv/versions/2.4.3/lib/ruby/gems/2.4.0/gems/aws-sdk-cloudtrail-1.0.0/lib" />
      </SOURCES>
    </library>
    <library name="aws-sdk-cloudwatch (v1.4.0, ruby-2.4.3-p205) [gem]">
      <CLASSES>
        <root url="file://$USER_HOME$/.rbenv/versions/2.4.3/lib/ruby/gems/2.4.0/gems/aws-sdk-cloudwatch-1.4.0/lib" />
      </CLASSES>
      <JAVADOC />
      <SOURCES>
        <root url="file://$USER_HOME$/.rbenv/versions/2.4.3/lib/ruby/gems/2.4.0/gems/aws-sdk-cloudwatch-1.4.0/lib" />
      </SOURCES>
    </library>
    <library name="aws-sdk-cloudwatchevents (v1.1.0, ruby-2.4.3-p205) [gem]">
      <CLASSES>
        <root url="file://$USER_HOME$/.rbenv/versions/2.4.3/lib/ruby/gems/2.4.0/gems/aws-sdk-cloudwatchevents-1.1.0/lib" />
      </CLASSES>
      <JAVADOC />
      <SOURCES>
        <root url="file://$USER_HOME$/.rbenv/versions/2.4.3/lib/ruby/gems/2.4.0/gems/aws-sdk-cloudwatchevents-1.1.0/lib" />
      </SOURCES>
    </library>
    <library name="aws-sdk-cloudwatchlogs (v1.2.0, ruby-2.4.3-p205) [gem]">
      <CLASSES>
        <root url="file://$USER_HOME$/.rbenv/versions/2.4.3/lib/ruby/gems/2.4.0/gems/aws-sdk-cloudwatchlogs-1.2.0/lib" />
      </CLASSES>
      <JAVADOC />
      <SOURCES>
        <root url="file://$USER_HOME$/.rbenv/versions/2.4.3/lib/ruby/gems/2.4.0/gems/aws-sdk-cloudwatchlogs-1.2.0/lib" />
      </SOURCES>
    </library>
    <library name="aws-sdk-codebuild (v1.6.0, ruby-2.4.3-p205) [gem]">
      <CLASSES>
        <root url="file://$USER_HOME$/.rbenv/versions/2.4.3/lib/ruby/gems/2.4.0/gems/aws-sdk-codebuild-1.6.0/lib" />
      </CLASSES>
      <JAVADOC />
      <SOURCES>
        <root url="file://$USER_HOME$/.rbenv/versions/2.4.3/lib/ruby/gems/2.4.0/gems/aws-sdk-codebuild-1.6.0/lib" />
      </SOURCES>
    </library>
    <library name="aws-sdk-codecommit (v1.2.0, ruby-2.4.3-p205) [gem]">
      <CLASSES>
        <root url="file://$USER_HOME$/.rbenv/versions/2.4.3/lib/ruby/gems/2.4.0/gems/aws-sdk-codecommit-1.2.0/lib" />
      </CLASSES>
      <JAVADOC />
      <SOURCES>
        <root url="file://$USER_HOME$/.rbenv/versions/2.4.3/lib/ruby/gems/2.4.0/gems/aws-sdk-codecommit-1.2.0/lib" />
      </SOURCES>
    </library>
    <library name="aws-sdk-codedeploy (v1.3.0, ruby-2.4.3-p205) [gem]">
      <CLASSES>
        <root url="file://$USER_HOME$/.rbenv/versions/2.4.3/lib/ruby/gems/2.4.0/gems/aws-sdk-codedeploy-1.3.0/lib" />
      </CLASSES>
      <JAVADOC />
      <SOURCES>
        <root url="file://$USER_HOME$/.rbenv/versions/2.4.3/lib/ruby/gems/2.4.0/gems/aws-sdk-codedeploy-1.3.0/lib" />
      </SOURCES>
    </library>
    <library name="aws-sdk-codepipeline (v1.1.0, ruby-2.4.3-p205) [gem]">
      <CLASSES>
        <root url="file://$USER_HOME$/.rbenv/versions/2.4.3/lib/ruby/gems/2.4.0/gems/aws-sdk-codepipeline-1.1.0/lib" />
      </CLASSES>
      <JAVADOC />
      <SOURCES>
        <root url="file://$USER_HOME$/.rbenv/versions/2.4.3/lib/ruby/gems/2.4.0/gems/aws-sdk-codepipeline-1.1.0/lib" />
      </SOURCES>
    </library>
    <library name="aws-sdk-codestar (v1.1.0, ruby-2.4.3-p205) [gem]">
      <CLASSES>
        <root url="file://$USER_HOME$/.rbenv/versions/2.4.3/lib/ruby/gems/2.4.0/gems/aws-sdk-codestar-1.1.0/lib" />
      </CLASSES>
      <JAVADOC />
      <SOURCES>
        <root url="file://$USER_HOME$/.rbenv/versions/2.4.3/lib/ruby/gems/2.4.0/gems/aws-sdk-codestar-1.1.0/lib" />
      </SOURCES>
    </library>
    <library name="aws-sdk-cognitoidentity (v1.0.0, ruby-2.4.3-p205) [gem]">
      <CLASSES>
        <root url="file://$USER_HOME$/.rbenv/versions/2.4.3/lib/ruby/gems/2.4.0/gems/aws-sdk-cognitoidentity-1.0.0/lib" />
      </CLASSES>
      <JAVADOC />
      <SOURCES>
        <root url="file://$USER_HOME$/.rbenv/versions/2.4.3/lib/ruby/gems/2.4.0/gems/aws-sdk-cognitoidentity-1.0.0/lib" />
      </SOURCES>
    </library>
    <library name="aws-sdk-cognitoidentityprovider (v1.3.0, ruby-2.4.3-p205) [gem]">
      <CLASSES>
        <root url="file://$USER_HOME$/.rbenv/versions/2.4.3/lib/ruby/gems/2.4.0/gems/aws-sdk-cognitoidentityprovider-1.3.0/lib" />
      </CLASSES>
      <JAVADOC />
      <SOURCES>
        <root url="file://$USER_HOME$/.rbenv/versions/2.4.3/lib/ruby/gems/2.4.0/gems/aws-sdk-cognitoidentityprovider-1.3.0/lib" />
      </SOURCES>
    </library>
    <library name="aws-sdk-cognitosync (v1.0.0, ruby-2.4.3-p205) [gem]">
      <CLASSES>
        <root url="file://$USER_HOME$/.rbenv/versions/2.4.3/lib/ruby/gems/2.4.0/gems/aws-sdk-cognitosync-1.0.0/lib" />
      </CLASSES>
      <JAVADOC />
      <SOURCES>
        <root url="file://$USER_HOME$/.rbenv/versions/2.4.3/lib/ruby/gems/2.4.0/gems/aws-sdk-cognitosync-1.0.0/lib" />
      </SOURCES>
    </library>
    <library name="aws-sdk-comprehend (v1.0.0, ruby-2.4.3-p205) [gem]">
      <CLASSES>
        <root url="file://$USER_HOME$/.rbenv/versions/2.4.3/lib/ruby/gems/2.4.0/gems/aws-sdk-comprehend-1.0.0/lib" />
      </CLASSES>
      <JAVADOC />
      <SOURCES>
        <root url="file://$USER_HOME$/.rbenv/versions/2.4.3/lib/ruby/gems/2.4.0/gems/aws-sdk-comprehend-1.0.0/lib" />
      </SOURCES>
    </library>
    <library name="aws-sdk-configservice (v1.5.0, ruby-2.4.3-p205) [gem]">
      <CLASSES>
        <root url="file://$USER_HOME$/.rbenv/versions/2.4.3/lib/ruby/gems/2.4.0/gems/aws-sdk-configservice-1.5.0/lib" />
      </CLASSES>
      <JAVADOC />
      <SOURCES>
        <root url="file://$USER_HOME$/.rbenv/versions/2.4.3/lib/ruby/gems/2.4.0/gems/aws-sdk-configservice-1.5.0/lib" />
      </SOURCES>
    </library>
    <library name="aws-sdk-core (v3.15.0, ruby-2.4.3-p205) [gem]">
      <CLASSES>
        <root url="file://$USER_HOME$/.rbenv/versions/2.4.3/lib/ruby/gems/2.4.0/gems/aws-sdk-core-3.15.0/lib" />
      </CLASSES>
      <JAVADOC />
      <SOURCES>
        <root url="file://$USER_HOME$/.rbenv/versions/2.4.3/lib/ruby/gems/2.4.0/gems/aws-sdk-core-3.15.0/lib" />
      </SOURCES>
    </library>
    <library name="aws-sdk-costandusagereportservice (v1.0.0, ruby-2.4.3-p205) [gem]">
      <CLASSES>
        <root url="file://$USER_HOME$/.rbenv/versions/2.4.3/lib/ruby/gems/2.4.0/gems/aws-sdk-costandusagereportservice-1.0.0/lib" />
      </CLASSES>
      <JAVADOC />
      <SOURCES>
        <root url="file://$USER_HOME$/.rbenv/versions/2.4.3/lib/ruby/gems/2.4.0/gems/aws-sdk-costandusagereportservice-1.0.0/lib" />
      </SOURCES>
    </library>
    <library name="aws-sdk-costexplorer (v1.0.0, ruby-2.4.3-p205) [gem]">
      <CLASSES>
        <root url="file://$USER_HOME$/.rbenv/versions/2.4.3/lib/ruby/gems/2.4.0/gems/aws-sdk-costexplorer-1.0.0/lib" />
      </CLASSES>
      <JAVADOC />
      <SOURCES>
        <root url="file://$USER_HOME$/.rbenv/versions/2.4.3/lib/ruby/gems/2.4.0/gems/aws-sdk-costexplorer-1.0.0/lib" />
      </SOURCES>
    </library>
    <library name="aws-sdk-databasemigrationservice (v1.4.0, ruby-2.4.3-p205) [gem]">
      <CLASSES>
        <root url="file://$USER_HOME$/.rbenv/versions/2.4.3/lib/ruby/gems/2.4.0/gems/aws-sdk-databasemigrationservice-1.4.0/lib" />
      </CLASSES>
      <JAVADOC />
      <SOURCES>
        <root url="file://$USER_HOME$/.rbenv/versions/2.4.3/lib/ruby/gems/2.4.0/gems/aws-sdk-databasemigrationservice-1.4.0/lib" />
      </SOURCES>
    </library>
    <library name="aws-sdk-datapipeline (v1.0.0, ruby-2.4.3-p205) [gem]">
      <CLASSES>
        <root url="file://$USER_HOME$/.rbenv/versions/2.4.3/lib/ruby/gems/2.4.0/gems/aws-sdk-datapipeline-1.0.0/lib" />
      </CLASSES>
      <JAVADOC />
      <SOURCES>
        <root url="file://$USER_HOME$/.rbenv/versions/2.4.3/lib/ruby/gems/2.4.0/gems/aws-sdk-datapipeline-1.0.0/lib" />
      </SOURCES>
    </library>
    <library name="aws-sdk-dax (v1.0.0, ruby-2.4.3-p205) [gem]">
      <CLASSES>
        <root url="file://$USER_HOME$/.rbenv/versions/2.4.3/lib/ruby/gems/2.4.0/gems/aws-sdk-dax-1.0.0/lib" />
      </CLASSES>
      <JAVADOC />
      <SOURCES>
        <root url="file://$USER_HOME$/.rbenv/versions/2.4.3/lib/ruby/gems/2.4.0/gems/aws-sdk-dax-1.0.0/lib" />
      </SOURCES>
    </library>
    <library name="aws-sdk-devicefarm (v1.3.0, ruby-2.4.3-p205) [gem]">
      <CLASSES>
        <root url="file://$USER_HOME$/.rbenv/versions/2.4.3/lib/ruby/gems/2.4.0/gems/aws-sdk-devicefarm-1.3.0/lib" />
      </CLASSES>
      <JAVADOC />
      <SOURCES>
        <root url="file://$USER_HOME$/.rbenv/versions/2.4.3/lib/ruby/gems/2.4.0/gems/aws-sdk-devicefarm-1.3.0/lib" />
      </SOURCES>
    </library>
    <library name="aws-sdk-directconnect (v1.1.0, ruby-2.4.3-p205) [gem]">
      <CLASSES>
        <root url="file://$USER_HOME$/.rbenv/versions/2.4.3/lib/ruby/gems/2.4.0/gems/aws-sdk-directconnect-1.1.0/lib" />
      </CLASSES>
      <JAVADOC />
      <SOURCES>
        <root url="file://$USER_HOME$/.rbenv/versions/2.4.3/lib/ruby/gems/2.4.0/gems/aws-sdk-directconnect-1.1.0/lib" />
      </SOURCES>
    </library>
    <library name="aws-sdk-directoryservice (v1.1.0, ruby-2.4.3-p205) [gem]">
      <CLASSES>
        <root url="file://$USER_HOME$/.rbenv/versions/2.4.3/lib/ruby/gems/2.4.0/gems/aws-sdk-directoryservice-1.1.0/lib" />
      </CLASSES>
      <JAVADOC />
      <SOURCES>
        <root url="file://$USER_HOME$/.rbenv/versions/2.4.3/lib/ruby/gems/2.4.0/gems/aws-sdk-directoryservice-1.1.0/lib" />
      </SOURCES>
    </library>
    <library name="aws-sdk-dynamodb (v1.4.0, ruby-2.4.3-p205) [gem]">
      <CLASSES>
        <root url="file://$USER_HOME$/.rbenv/versions/2.4.3/lib/ruby/gems/2.4.0/gems/aws-sdk-dynamodb-1.4.0/lib" />
      </CLASSES>
      <JAVADOC />
      <SOURCES>
        <root url="file://$USER_HOME$/.rbenv/versions/2.4.3/lib/ruby/gems/2.4.0/gems/aws-sdk-dynamodb-1.4.0/lib" />
      </SOURCES>
    </library>
    <library name="aws-sdk-dynamodbstreams (v1.0.0, ruby-2.4.3-p205) [gem]">
      <CLASSES>
        <root url="file://$USER_HOME$/.rbenv/versions/2.4.3/lib/ruby/gems/2.4.0/gems/aws-sdk-dynamodbstreams-1.0.0/lib" />
      </CLASSES>
      <JAVADOC />
      <SOURCES>
        <root url="file://$USER_HOME$/.rbenv/versions/2.4.3/lib/ruby/gems/2.4.0/gems/aws-sdk-dynamodbstreams-1.0.0/lib" />
      </SOURCES>
    </library>
    <library name="aws-sdk-ec2 (v1.27.0, ruby-2.4.3-p205) [gem]">
      <CLASSES>
        <root url="file://$USER_HOME$/.rbenv/versions/2.4.3/lib/ruby/gems/2.4.0/gems/aws-sdk-ec2-1.27.0/lib" />
      </CLASSES>
      <JAVADOC />
      <SOURCES>
        <root url="file://$USER_HOME$/.rbenv/versions/2.4.3/lib/ruby/gems/2.4.0/gems/aws-sdk-ec2-1.27.0/lib" />
      </SOURCES>
    </library>
    <library name="aws-sdk-ecr (v1.2.0, ruby-2.4.3-p205) [gem]">
      <CLASSES>
        <root url="file://$USER_HOME$/.rbenv/versions/2.4.3/lib/ruby/gems/2.4.0/gems/aws-sdk-ecr-1.2.0/lib" />
      </CLASSES>
      <JAVADOC />
      <SOURCES>
        <root url="file://$USER_HOME$/.rbenv/versions/2.4.3/lib/ruby/gems/2.4.0/gems/aws-sdk-ecr-1.2.0/lib" />
      </SOURCES>
    </library>
    <library name="aws-sdk-ecs (v1.8.0, ruby-2.4.3-p205) [gem]">
      <CLASSES>
        <root url="file://$USER_HOME$/.rbenv/versions/2.4.3/lib/ruby/gems/2.4.0/gems/aws-sdk-ecs-1.8.0/lib" />
      </CLASSES>
      <JAVADOC />
      <SOURCES>
        <root url="file://$USER_HOME$/.rbenv/versions/2.4.3/lib/ruby/gems/2.4.0/gems/aws-sdk-ecs-1.8.0/lib" />
      </SOURCES>
    </library>
    <library name="aws-sdk-efs (v1.0.0, ruby-2.4.3-p205) [gem]">
      <CLASSES>
        <root url="file://$USER_HOME$/.rbenv/versions/2.4.3/lib/ruby/gems/2.4.0/gems/aws-sdk-efs-1.0.0/lib" />
      </CLASSES>
      <JAVADOC />
      <SOURCES>
        <root url="file://$USER_HOME$/.rbenv/versions/2.4.3/lib/ruby/gems/2.4.0/gems/aws-sdk-efs-1.0.0/lib" />
      </SOURCES>
    </library>
    <library name="aws-sdk-elasticache (v1.3.0, ruby-2.4.3-p205) [gem]">
      <CLASSES>
        <root url="file://$USER_HOME$/.rbenv/versions/2.4.3/lib/ruby/gems/2.4.0/gems/aws-sdk-elasticache-1.3.0/lib" />
      </CLASSES>
      <JAVADOC />
      <SOURCES>
        <root url="file://$USER_HOME$/.rbenv/versions/2.4.3/lib/ruby/gems/2.4.0/gems/aws-sdk-elasticache-1.3.0/lib" />
      </SOURCES>
    </library>
    <library name="aws-sdk-elasticbeanstalk (v1.3.0, ruby-2.4.3-p205) [gem]">
      <CLASSES>
        <root url="file://$USER_HOME$/.rbenv/versions/2.4.3/lib/ruby/gems/2.4.0/gems/aws-sdk-elasticbeanstalk-1.3.0/lib" />
      </CLASSES>
      <JAVADOC />
      <SOURCES>
        <root url="file://$USER_HOME$/.rbenv/versions/2.4.3/lib/ruby/gems/2.4.0/gems/aws-sdk-elasticbeanstalk-1.3.0/lib" />
      </SOURCES>
    </library>
    <library name="aws-sdk-elasticloadbalancing (v1.2.0, ruby-2.4.3-p205) [gem]">
      <CLASSES>
        <root url="file://$USER_HOME$/.rbenv/versions/2.4.3/lib/ruby/gems/2.4.0/gems/aws-sdk-elasticloadbalancing-1.2.0/lib" />
      </CLASSES>
      <JAVADOC />
      <SOURCES>
        <root url="file://$USER_HOME$/.rbenv/versions/2.4.3/lib/ruby/gems/2.4.0/gems/aws-sdk-elasticloadbalancing-1.2.0/lib" />
      </SOURCES>
    </library>
    <library name="aws-sdk-elasticloadbalancingv2 (v1.7.0, ruby-2.4.3-p205) [gem]">
      <CLASSES>
        <root url="file://$USER_HOME$/.rbenv/versions/2.4.3/lib/ruby/gems/2.4.0/gems/aws-sdk-elasticloadbalancingv2-1.7.0/lib" />
      </CLASSES>
      <JAVADOC />
      <SOURCES>
        <root url="file://$USER_HOME$/.rbenv/versions/2.4.3/lib/ruby/gems/2.4.0/gems/aws-sdk-elasticloadbalancingv2-1.7.0/lib" />
      </SOURCES>
    </library>
    <library name="aws-sdk-elasticsearchservice (v1.3.0, ruby-2.4.3-p205) [gem]">
      <CLASSES>
        <root url="file://$USER_HOME$/.rbenv/versions/2.4.3/lib/ruby/gems/2.4.0/gems/aws-sdk-elasticsearchservice-1.3.0/lib" />
      </CLASSES>
      <JAVADOC />
      <SOURCES>
        <root url="file://$USER_HOME$/.rbenv/versions/2.4.3/lib/ruby/gems/2.4.0/gems/aws-sdk-elasticsearchservice-1.3.0/lib" />
      </SOURCES>
    </library>
    <library name="aws-sdk-elastictranscoder (v1.0.0, ruby-2.4.3-p205) [gem]">
      <CLASSES>
        <root url="file://$USER_HOME$/.rbenv/versions/2.4.3/lib/ruby/gems/2.4.0/gems/aws-sdk-elastictranscoder-1.0.0/lib" />
      </CLASSES>
      <JAVADOC />
      <SOURCES>
        <root url="file://$USER_HOME$/.rbenv/versions/2.4.3/lib/ruby/gems/2.4.0/gems/aws-sdk-elastictranscoder-1.0.0/lib" />
      </SOURCES>
    </library>
    <library name="aws-sdk-emr (v1.1.0, ruby-2.4.3-p205) [gem]">
      <CLASSES>
        <root url="file://$USER_HOME$/.rbenv/versions/2.4.3/lib/ruby/gems/2.4.0/gems/aws-sdk-emr-1.1.0/lib" />
      </CLASSES>
      <JAVADOC />
      <SOURCES>
        <root url="file://$USER_HOME$/.rbenv/versions/2.4.3/lib/ruby/gems/2.4.0/gems/aws-sdk-emr-1.1.0/lib" />
      </SOURCES>
    </library>
    <library name="aws-sdk-firehose (v1.1.0, ruby-2.4.3-p205) [gem]">
      <CLASSES>
        <root url="file://$USER_HOME$/.rbenv/versions/2.4.3/lib/ruby/gems/2.4.0/gems/aws-sdk-firehose-1.1.0/lib" />
      </CLASSES>
      <JAVADOC />
      <SOURCES>
        <root url="file://$USER_HOME$/.rbenv/versions/2.4.3/lib/ruby/gems/2.4.0/gems/aws-sdk-firehose-1.1.0/lib" />
      </SOURCES>
    </library>
    <library name="aws-sdk-gamelift (v1.2.0, ruby-2.4.3-p205) [gem]">
      <CLASSES>
        <root url="file://$USER_HOME$/.rbenv/versions/2.4.3/lib/ruby/gems/2.4.0/gems/aws-sdk-gamelift-1.2.0/lib" />
      </CLASSES>
      <JAVADOC />
      <SOURCES>
        <root url="file://$USER_HOME$/.rbenv/versions/2.4.3/lib/ruby/gems/2.4.0/gems/aws-sdk-gamelift-1.2.0/lib" />
      </SOURCES>
    </library>
    <library name="aws-sdk-glacier (v1.5.0, ruby-2.4.3-p205) [gem]">
      <CLASSES>
        <root url="file://$USER_HOME$/.rbenv/versions/2.4.3/lib/ruby/gems/2.4.0/gems/aws-sdk-glacier-1.5.0/lib" />
      </CLASSES>
      <JAVADOC />
      <SOURCES>
        <root url="file://$USER_HOME$/.rbenv/versions/2.4.3/lib/ruby/gems/2.4.0/gems/aws-sdk-glacier-1.5.0/lib" />
      </SOURCES>
    </library>
    <library name="aws-sdk-glue (v1.5.0, ruby-2.4.3-p205) [gem]">
      <CLASSES>
        <root url="file://$USER_HOME$/.rbenv/versions/2.4.3/lib/ruby/gems/2.4.0/gems/aws-sdk-glue-1.5.0/lib" />
      </CLASSES>
      <JAVADOC />
      <SOURCES>
        <root url="file://$USER_HOME$/.rbenv/versions/2.4.3/lib/ruby/gems/2.4.0/gems/aws-sdk-glue-1.5.0/lib" />
      </SOURCES>
    </library>
    <library name="aws-sdk-greengrass (v1.2.0, ruby-2.4.3-p205) [gem]">
      <CLASSES>
        <root url="file://$USER_HOME$/.rbenv/versions/2.4.3/lib/ruby/gems/2.4.0/gems/aws-sdk-greengrass-1.2.0/lib" />
      </CLASSES>
      <JAVADOC />
      <SOURCES>
        <root url="file://$USER_HOME$/.rbenv/versions/2.4.3/lib/ruby/gems/2.4.0/gems/aws-sdk-greengrass-1.2.0/lib" />
      </SOURCES>
    </library>
    <library name="aws-sdk-guardduty (v1.2.0, ruby-2.4.3-p205) [gem]">
      <CLASSES>
        <root url="file://$USER_HOME$/.rbenv/versions/2.4.3/lib/ruby/gems/2.4.0/gems/aws-sdk-guardduty-1.2.0/lib" />
      </CLASSES>
      <JAVADOC />
      <SOURCES>
        <root url="file://$USER_HOME$/.rbenv/versions/2.4.3/lib/ruby/gems/2.4.0/gems/aws-sdk-guardduty-1.2.0/lib" />
      </SOURCES>
    </library>
    <library name="aws-sdk-health (v1.0.0, ruby-2.4.3-p205) [gem]">
      <CLASSES>
        <root url="file://$USER_HOME$/.rbenv/versions/2.4.3/lib/ruby/gems/2.4.0/gems/aws-sdk-health-1.0.0/lib" />
      </CLASSES>
      <JAVADOC />
      <SOURCES>
        <root url="file://$USER_HOME$/.rbenv/versions/2.4.3/lib/ruby/gems/2.4.0/gems/aws-sdk-health-1.0.0/lib" />
      </SOURCES>
    </library>
    <library name="aws-sdk-iam (v1.3.0, ruby-2.4.3-p205) [gem]">
      <CLASSES>
        <root url="file://$USER_HOME$/.rbenv/versions/2.4.3/lib/ruby/gems/2.4.0/gems/aws-sdk-iam-1.3.0/lib" />
      </CLASSES>
      <JAVADOC />
      <SOURCES>
        <root url="file://$USER_HOME$/.rbenv/versions/2.4.3/lib/ruby/gems/2.4.0/gems/aws-sdk-iam-1.3.0/lib" />
      </SOURCES>
    </library>
    <library name="aws-sdk-importexport (v1.0.0, ruby-2.4.3-p205) [gem]">
      <CLASSES>
        <root url="file://$USER_HOME$/.rbenv/versions/2.4.3/lib/ruby/gems/2.4.0/gems/aws-sdk-importexport-1.0.0/lib" />
      </CLASSES>
      <JAVADOC />
      <SOURCES>
        <root url="file://$USER_HOME$/.rbenv/versions/2.4.3/lib/ruby/gems/2.4.0/gems/aws-sdk-importexport-1.0.0/lib" />
      </SOURCES>
    </library>
    <library name="aws-sdk-inspector (v1.3.0, ruby-2.4.3-p205) [gem]">
      <CLASSES>
        <root url="file://$USER_HOME$/.rbenv/versions/2.4.3/lib/ruby/gems/2.4.0/gems/aws-sdk-inspector-1.3.0/lib" />
      </CLASSES>
      <JAVADOC />
      <SOURCES>
        <root url="file://$USER_HOME$/.rbenv/versions/2.4.3/lib/ruby/gems/2.4.0/gems/aws-sdk-inspector-1.3.0/lib" />
      </SOURCES>
    </library>
    <library name="aws-sdk-iot (v1.3.0, ruby-2.4.3-p205) [gem]">
      <CLASSES>
        <root url="file://$USER_HOME$/.rbenv/versions/2.4.3/lib/ruby/gems/2.4.0/gems/aws-sdk-iot-1.3.0/lib" />
      </CLASSES>
      <JAVADOC />
      <SOURCES>
        <root url="file://$USER_HOME$/.rbenv/versions/2.4.3/lib/ruby/gems/2.4.0/gems/aws-sdk-iot-1.3.0/lib" />
      </SOURCES>
    </library>
    <library name="aws-sdk-iotdataplane (v1.0.0, ruby-2.4.3-p205) [gem]">
      <CLASSES>
        <root url="file://$USER_HOME$/.rbenv/versions/2.4.3/lib/ruby/gems/2.4.0/gems/aws-sdk-iotdataplane-1.0.0/lib" />
      </CLASSES>
      <JAVADOC />
      <SOURCES>
        <root url="file://$USER_HOME$/.rbenv/versions/2.4.3/lib/ruby/gems/2.4.0/gems/aws-sdk-iotdataplane-1.0.0/lib" />
      </SOURCES>
    </library>
    <library name="aws-sdk-iotjobsdataplane (v1.0.0, ruby-2.4.3-p205) [gem]">
      <CLASSES>
        <root url="file://$USER_HOME$/.rbenv/versions/2.4.3/lib/ruby/gems/2.4.0/gems/aws-sdk-iotjobsdataplane-1.0.0/lib" />
      </CLASSES>
      <JAVADOC />
      <SOURCES>
        <root url="file://$USER_HOME$/.rbenv/versions/2.4.3/lib/ruby/gems/2.4.0/gems/aws-sdk-iotjobsdataplane-1.0.0/lib" />
      </SOURCES>
    </library>
    <library name="aws-sdk-kinesis (v1.2.0, ruby-2.4.3-p205) [gem]">
      <CLASSES>
        <root url="file://$USER_HOME$/.rbenv/versions/2.4.3/lib/ruby/gems/2.4.0/gems/aws-sdk-kinesis-1.2.0/lib" />
      </CLASSES>
      <JAVADOC />
      <SOURCES>
        <root url="file://$USER_HOME$/.rbenv/versions/2.4.3/lib/ruby/gems/2.4.0/gems/aws-sdk-kinesis-1.2.0/lib" />
      </SOURCES>
    </library>
    <library name="aws-sdk-kinesisanalytics (v1.2.0, ruby-2.4.3-p205) [gem]">
      <CLASSES>
        <root url="file://$USER_HOME$/.rbenv/versions/2.4.3/lib/ruby/gems/2.4.0/gems/aws-sdk-kinesisanalytics-1.2.0/lib" />
      </CLASSES>
      <JAVADOC />
      <SOURCES>
        <root url="file://$USER_HOME$/.rbenv/versions/2.4.3/lib/ruby/gems/2.4.0/gems/aws-sdk-kinesisanalytics-1.2.0/lib" />
      </SOURCES>
    </library>
    <library name="aws-sdk-kinesisvideo (v1.0.0, ruby-2.4.3-p205) [gem]">
      <CLASSES>
        <root url="file://$USER_HOME$/.rbenv/versions/2.4.3/lib/ruby/gems/2.4.0/gems/aws-sdk-kinesisvideo-1.0.0/lib" />
      </CLASSES>
      <JAVADOC />
      <SOURCES>
        <root url="file://$USER_HOME$/.rbenv/versions/2.4.3/lib/ruby/gems/2.4.0/gems/aws-sdk-kinesisvideo-1.0.0/lib" />
      </SOURCES>
    </library>
    <library name="aws-sdk-kinesisvideoarchivedmedia (v1.0.0, ruby-2.4.3-p205) [gem]">
      <CLASSES>
        <root url="file://$USER_HOME$/.rbenv/versions/2.4.3/lib/ruby/gems/2.4.0/gems/aws-sdk-kinesisvideoarchivedmedia-1.0.0/lib" />
      </CLASSES>
      <JAVADOC />
      <SOURCES>
        <root url="file://$USER_HOME$/.rbenv/versions/2.4.3/lib/ruby/gems/2.4.0/gems/aws-sdk-kinesisvideoarchivedmedia-1.0.0/lib" />
      </SOURCES>
    </library>
    <library name="aws-sdk-kinesisvideomedia (v1.0.0, ruby-2.4.3-p205) [gem]">
      <CLASSES>
        <root url="file://$USER_HOME$/.rbenv/versions/2.4.3/lib/ruby/gems/2.4.0/gems/aws-sdk-kinesisvideomedia-1.0.0/lib" />
      </CLASSES>
      <JAVADOC />
      <SOURCES>
        <root url="file://$USER_HOME$/.rbenv/versions/2.4.3/lib/ruby/gems/2.4.0/gems/aws-sdk-kinesisvideomedia-1.0.0/lib" />
      </SOURCES>
    </library>
    <library name="aws-sdk-kms (v1.5.0, ruby-2.4.3-p205) [gem]">
      <CLASSES>
        <root url="file://$USER_HOME$/.rbenv/versions/2.4.3/lib/ruby/gems/2.4.0/gems/aws-sdk-kms-1.5.0/lib" />
      </CLASSES>
      <JAVADOC />
      <SOURCES>
        <root url="file://$USER_HOME$/.rbenv/versions/2.4.3/lib/ruby/gems/2.4.0/gems/aws-sdk-kms-1.5.0/lib" />
      </SOURCES>
    </library>
    <library name="aws-sdk-lambda (v1.4.0, ruby-2.4.3-p205) [gem]">
      <CLASSES>
        <root url="file://$USER_HOME$/.rbenv/versions/2.4.3/lib/ruby/gems/2.4.0/gems/aws-sdk-lambda-1.4.0/lib" />
      </CLASSES>
      <JAVADOC />
      <SOURCES>
        <root url="file://$USER_HOME$/.rbenv/versions/2.4.3/lib/ruby/gems/2.4.0/gems/aws-sdk-lambda-1.4.0/lib" />
      </SOURCES>
    </library>
    <library name="aws-sdk-lambdapreview (v1.0.0, ruby-2.4.3-p205) [gem]">
      <CLASSES>
        <root url="file://$USER_HOME$/.rbenv/versions/2.4.3/lib/ruby/gems/2.4.0/gems/aws-sdk-lambdapreview-1.0.0/lib" />
      </CLASSES>
      <JAVADOC />
      <SOURCES>
        <root url="file://$USER_HOME$/.rbenv/versions/2.4.3/lib/ruby/gems/2.4.0/gems/aws-sdk-lambdapreview-1.0.0/lib" />
      </SOURCES>
    </library>
    <library name="aws-sdk-lex (v1.3.0, ruby-2.4.3-p205) [gem]">
      <CLASSES>
        <root url="file://$USER_HOME$/.rbenv/versions/2.4.3/lib/ruby/gems/2.4.0/gems/aws-sdk-lex-1.3.0/lib" />
      </CLASSES>
      <JAVADOC />
      <SOURCES>
        <root url="file://$USER_HOME$/.rbenv/versions/2.4.3/lib/ruby/gems/2.4.0/gems/aws-sdk-lex-1.3.0/lib" />
      </SOURCES>
    </library>
    <library name="aws-sdk-lexmodelbuildingservice (v1.4.0, ruby-2.4.3-p205) [gem]">
      <CLASSES>
        <root url="file://$USER_HOME$/.rbenv/versions/2.4.3/lib/ruby/gems/2.4.0/gems/aws-sdk-lexmodelbuildingservice-1.4.0/lib" />
      </CLASSES>
      <JAVADOC />
      <SOURCES>
        <root url="file://$USER_HOME$/.rbenv/versions/2.4.3/lib/ruby/gems/2.4.0/gems/aws-sdk-lexmodelbuildingservice-1.4.0/lib" />
      </SOURCES>
    </library>
    <library name="aws-sdk-lightsail (v1.3.0, ruby-2.4.3-p205) [gem]">
      <CLASSES>
        <root url="file://$USER_HOME$/.rbenv/versions/2.4.3/lib/ruby/gems/2.4.0/gems/aws-sdk-lightsail-1.3.0/lib" />
      </CLASSES>
      <JAVADOC />
      <SOURCES>
        <root url="file://$USER_HOME$/.rbenv/versions/2.4.3/lib/ruby/gems/2.4.0/gems/aws-sdk-lightsail-1.3.0/lib" />
      </SOURCES>
    </library>
    <library name="aws-sdk-machinelearning (v1.0.0, ruby-2.4.3-p205) [gem]">
      <CLASSES>
        <root url="file://$USER_HOME$/.rbenv/versions/2.4.3/lib/ruby/gems/2.4.0/gems/aws-sdk-machinelearning-1.0.0/lib" />
      </CLASSES>
      <JAVADOC />
      <SOURCES>
        <root url="file://$USER_HOME$/.rbenv/versions/2.4.3/lib/ruby/gems/2.4.0/gems/aws-sdk-machinelearning-1.0.0/lib" />
      </SOURCES>
    </library>
    <library name="aws-sdk-marketplacecommerceanalytics (v1.0.0, ruby-2.4.3-p205) [gem]">
      <CLASSES>
        <root url="file://$USER_HOME$/.rbenv/versions/2.4.3/lib/ruby/gems/2.4.0/gems/aws-sdk-marketplacecommerceanalytics-1.0.0/lib" />
      </CLASSES>
      <JAVADOC />
      <SOURCES>
        <root url="file://$USER_HOME$/.rbenv/versions/2.4.3/lib/ruby/gems/2.4.0/gems/aws-sdk-marketplacecommerceanalytics-1.0.0/lib" />
      </SOURCES>
    </library>
    <library name="aws-sdk-marketplaceentitlementservice (v1.0.0, ruby-2.4.3-p205) [gem]">
      <CLASSES>
        <root url="file://$USER_HOME$/.rbenv/versions/2.4.3/lib/ruby/gems/2.4.0/gems/aws-sdk-marketplaceentitlementservice-1.0.0/lib" />
      </CLASSES>
      <JAVADOC />
      <SOURCES>
        <root url="file://$USER_HOME$/.rbenv/versions/2.4.3/lib/ruby/gems/2.4.0/gems/aws-sdk-marketplaceentitlementservice-1.0.0/lib" />
      </SOURCES>
    </library>
    <library name="aws-sdk-marketplacemetering (v1.0.0, ruby-2.4.3-p205) [gem]">
      <CLASSES>
        <root url="file://$USER_HOME$/.rbenv/versions/2.4.3/lib/ruby/gems/2.4.0/gems/aws-sdk-marketplacemetering-1.0.0/lib" />
      </CLASSES>
      <JAVADOC />
      <SOURCES>
        <root url="file://$USER_HOME$/.rbenv/versions/2.4.3/lib/ruby/gems/2.4.0/gems/aws-sdk-marketplacemetering-1.0.0/lib" />
      </SOURCES>
    </library>
    <library name="aws-sdk-mediaconvert (v1.0.0, ruby-2.4.3-p205) [gem]">
      <CLASSES>
        <root url="file://$USER_HOME$/.rbenv/versions/2.4.3/lib/ruby/gems/2.4.0/gems/aws-sdk-mediaconvert-1.0.0/lib" />
      </CLASSES>
      <JAVADOC />
      <SOURCES>
        <root url="file://$USER_HOME$/.rbenv/versions/2.4.3/lib/ruby/gems/2.4.0/gems/aws-sdk-mediaconvert-1.0.0/lib" />
      </SOURCES>
    </library>
    <library name="aws-sdk-medialive (v1.2.0, ruby-2.4.3-p205) [gem]">
      <CLASSES>
        <root url="file://$USER_HOME$/.rbenv/versions/2.4.3/lib/ruby/gems/2.4.0/gems/aws-sdk-medialive-1.2.0/lib" />
      </CLASSES>
      <JAVADOC />
      <SOURCES>
        <root url="file://$USER_HOME$/.rbenv/versions/2.4.3/lib/ruby/gems/2.4.0/gems/aws-sdk-medialive-1.2.0/lib" />
      </SOURCES>
    </library>
    <library name="aws-sdk-mediapackage (v1.0.0, ruby-2.4.3-p205) [gem]">
      <CLASSES>
        <root url="file://$USER_HOME$/.rbenv/versions/2.4.3/lib/ruby/gems/2.4.0/gems/aws-sdk-mediapackage-1.0.0/lib" />
      </CLASSES>
      <JAVADOC />
      <SOURCES>
        <root url="file://$USER_HOME$/.rbenv/versions/2.4.3/lib/ruby/gems/2.4.0/gems/aws-sdk-mediapackage-1.0.0/lib" />
      </SOURCES>
    </library>
    <library name="aws-sdk-mediastore (v1.1.0, ruby-2.4.3-p205) [gem]">
      <CLASSES>
        <root url="file://$USER_HOME$/.rbenv/versions/2.4.3/lib/ruby/gems/2.4.0/gems/aws-sdk-mediastore-1.1.0/lib" />
      </CLASSES>
      <JAVADOC />
      <SOURCES>
        <root url="file://$USER_HOME$/.rbenv/versions/2.4.3/lib/ruby/gems/2.4.0/gems/aws-sdk-mediastore-1.1.0/lib" />
      </SOURCES>
    </library>
    <library name="aws-sdk-mediastoredata (v1.1.0, ruby-2.4.3-p205) [gem]">
      <CLASSES>
        <root url="file://$USER_HOME$/.rbenv/versions/2.4.3/lib/ruby/gems/2.4.0/gems/aws-sdk-mediastoredata-1.1.0/lib" />
      </CLASSES>
      <JAVADOC />
      <SOURCES>
        <root url="file://$USER_HOME$/.rbenv/versions/2.4.3/lib/ruby/gems/2.4.0/gems/aws-sdk-mediastoredata-1.1.0/lib" />
      </SOURCES>
    </library>
    <library name="aws-sdk-migrationhub (v1.0.0, ruby-2.4.3-p205) [gem]">
      <CLASSES>
        <root url="file://$USER_HOME$/.rbenv/versions/2.4.3/lib/ruby/gems/2.4.0/gems/aws-sdk-migrationhub-1.0.0/lib" />
      </CLASSES>
      <JAVADOC />
      <SOURCES>
        <root url="file://$USER_HOME$/.rbenv/versions/2.4.3/lib/ruby/gems/2.4.0/gems/aws-sdk-migrationhub-1.0.0/lib" />
      </SOURCES>
    </library>
    <library name="aws-sdk-mobile (v1.0.0, ruby-2.4.3-p205) [gem]">
      <CLASSES>
        <root url="file://$USER_HOME$/.rbenv/versions/2.4.3/lib/ruby/gems/2.4.0/gems/aws-sdk-mobile-1.0.0/lib" />
      </CLASSES>
      <JAVADOC />
      <SOURCES>
        <root url="file://$USER_HOME$/.rbenv/versions/2.4.3/lib/ruby/gems/2.4.0/gems/aws-sdk-mobile-1.0.0/lib" />
      </SOURCES>
    </library>
    <library name="aws-sdk-mq (v1.0.0, ruby-2.4.3-p205) [gem]">
      <CLASSES>
        <root url="file://$USER_HOME$/.rbenv/versions/2.4.3/lib/ruby/gems/2.4.0/gems/aws-sdk-mq-1.0.0/lib" />
      </CLASSES>
      <JAVADOC />
      <SOURCES>
        <root url="file://$USER_HOME$/.rbenv/versions/2.4.3/lib/ruby/gems/2.4.0/gems/aws-sdk-mq-1.0.0/lib" />
      </SOURCES>
    </library>
    <library name="aws-sdk-mturk (v1.2.0, ruby-2.4.3-p205) [gem]">
      <CLASSES>
        <root url="file://$USER_HOME$/.rbenv/versions/2.4.3/lib/ruby/gems/2.4.0/gems/aws-sdk-mturk-1.2.0/lib" />
      </CLASSES>
      <JAVADOC />
      <SOURCES>
        <root url="file://$USER_HOME$/.rbenv/versions/2.4.3/lib/ruby/gems/2.4.0/gems/aws-sdk-mturk-1.2.0/lib" />
      </SOURCES>
    </library>
    <library name="aws-sdk-opsworks (v1.2.0, ruby-2.4.3-p205) [gem]">
      <CLASSES>
        <root url="file://$USER_HOME$/.rbenv/versions/2.4.3/lib/ruby/gems/2.4.0/gems/aws-sdk-opsworks-1.2.0/lib" />
      </CLASSES>
      <JAVADOC />
      <SOURCES>
        <root url="file://$USER_HOME$/.rbenv/versions/2.4.3/lib/ruby/gems/2.4.0/gems/aws-sdk-opsworks-1.2.0/lib" />
      </SOURCES>
    </library>
    <library name="aws-sdk-opsworkscm (v1.2.0, ruby-2.4.3-p205) [gem]">
      <CLASSES>
        <root url="file://$USER_HOME$/.rbenv/versions/2.4.3/lib/ruby/gems/2.4.0/gems/aws-sdk-opsworkscm-1.2.0/lib" />
      </CLASSES>
      <JAVADOC />
      <SOURCES>
        <root url="file://$USER_HOME$/.rbenv/versions/2.4.3/lib/ruby/gems/2.4.0/gems/aws-sdk-opsworkscm-1.2.0/lib" />
      </SOURCES>
    </library>
    <library name="aws-sdk-organizations (v1.7.0, ruby-2.4.3-p205) [gem]">
      <CLASSES>
        <root url="file://$USER_HOME$/.rbenv/versions/2.4.3/lib/ruby/gems/2.4.0/gems/aws-sdk-organizations-1.7.0/lib" />
      </CLASSES>
      <JAVADOC />
      <SOURCES>
        <root url="file://$USER_HOME$/.rbenv/versions/2.4.3/lib/ruby/gems/2.4.0/gems/aws-sdk-organizations-1.7.0/lib" />
      </SOURCES>
    </library>
    <library name="aws-sdk-pinpoint (v1.2.0, ruby-2.4.3-p205) [gem]">
      <CLASSES>
        <root url="file://$USER_HOME$/.rbenv/versions/2.4.3/lib/ruby/gems/2.4.0/gems/aws-sdk-pinpoint-1.2.0/lib" />
      </CLASSES>
      <JAVADOC />
      <SOURCES>
        <root url="file://$USER_HOME$/.rbenv/versions/2.4.3/lib/ruby/gems/2.4.0/gems/aws-sdk-pinpoint-1.2.0/lib" />
      </SOURCES>
    </library>
    <library name="aws-sdk-polly (v1.4.0, ruby-2.4.3-p205) [gem]">
      <CLASSES>
        <root url="file://$USER_HOME$/.rbenv/versions/2.4.3/lib/ruby/gems/2.4.0/gems/aws-sdk-polly-1.4.0/lib" />
      </CLASSES>
      <JAVADOC />
      <SOURCES>
        <root url="file://$USER_HOME$/.rbenv/versions/2.4.3/lib/ruby/gems/2.4.0/gems/aws-sdk-polly-1.4.0/lib" />
      </SOURCES>
    </library>
    <library name="aws-sdk-pricing (v1.0.0, ruby-2.4.3-p205) [gem]">
      <CLASSES>
        <root url="file://$USER_HOME$/.rbenv/versions/2.4.3/lib/ruby/gems/2.4.0/gems/aws-sdk-pricing-1.0.0/lib" />
      </CLASSES>
      <JAVADOC />
      <SOURCES>
        <root url="file://$USER_HOME$/.rbenv/versions/2.4.3/lib/ruby/gems/2.4.0/gems/aws-sdk-pricing-1.0.0/lib" />
      </SOURCES>
    </library>
    <library name="aws-sdk-rds (v1.12.0, ruby-2.4.3-p205) [gem]">
      <CLASSES>
        <root url="file://$USER_HOME$/.rbenv/versions/2.4.3/lib/ruby/gems/2.4.0/gems/aws-sdk-rds-1.12.0/lib" />
      </CLASSES>
      <JAVADOC />
      <SOURCES>
        <root url="file://$USER_HOME$/.rbenv/versions/2.4.3/lib/ruby/gems/2.4.0/gems/aws-sdk-rds-1.12.0/lib" />
      </SOURCES>
    </library>
    <library name="aws-sdk-redshift (v1.1.0, ruby-2.4.3-p205) [gem]">
      <CLASSES>
        <root url="file://$USER_HOME$/.rbenv/versions/2.4.3/lib/ruby/gems/2.4.0/gems/aws-sdk-redshift-1.1.0/lib" />
      </CLASSES>
      <JAVADOC />
      <SOURCES>
        <root url="file://$USER_HOME$/.rbenv/versions/2.4.3/lib/ruby/gems/2.4.0/gems/aws-sdk-redshift-1.1.0/lib" />
      </SOURCES>
    </library>
    <library name="aws-sdk-rekognition (v1.2.0, ruby-2.4.3-p205) [gem]">
      <CLASSES>
        <root url="file://$USER_HOME$/.rbenv/versions/2.4.3/lib/ruby/gems/2.4.0/gems/aws-sdk-rekognition-1.2.0/lib" />
      </CLASSES>
      <JAVADOC />
      <SOURCES>
        <root url="file://$USER_HOME$/.rbenv/versions/2.4.3/lib/ruby/gems/2.4.0/gems/aws-sdk-rekognition-1.2.0/lib" />
      </SOURCES>
    </library>
    <library name="aws-sdk-resourcegroups (v1.0.0, ruby-2.4.3-p205) [gem]">
      <CLASSES>
        <root url="file://$USER_HOME$/.rbenv/versions/2.4.3/lib/ruby/gems/2.4.0/gems/aws-sdk-resourcegroups-1.0.0/lib" />
      </CLASSES>
      <JAVADOC />
      <SOURCES>
        <root url="file://$USER_HOME$/.rbenv/versions/2.4.3/lib/ruby/gems/2.4.0/gems/aws-sdk-resourcegroups-1.0.0/lib" />
      </SOURCES>
    </library>
    <library name="aws-sdk-resourcegroupstaggingapi (v1.0.0, ruby-2.4.3-p205) [gem]">
      <CLASSES>
        <root url="file://$USER_HOME$/.rbenv/versions/2.4.3/lib/ruby/gems/2.4.0/gems/aws-sdk-resourcegroupstaggingapi-1.0.0/lib" />
      </CLASSES>
      <JAVADOC />
      <SOURCES>
        <root url="file://$USER_HOME$/.rbenv/versions/2.4.3/lib/ruby/gems/2.4.0/gems/aws-sdk-resourcegroupstaggingapi-1.0.0/lib" />
      </SOURCES>
    </library>
    <library name="aws-sdk-resources (v3.12.0, ruby-2.4.3-p205) [gem]">
      <CLASSES>
        <root url="file://$USER_HOME$/.rbenv/versions/2.4.3/lib/ruby/gems/2.4.0/gems/aws-sdk-resources-3.12.0/lib" />
        <root url="file://$USER_HOME$/.rbenv/versions/2.4.3/lib/ruby/gems/2.4.0/gems/aws-sdk-resources-3.12.0/bin" />
      </CLASSES>
      <JAVADOC />
      <SOURCES>
        <root url="file://$USER_HOME$/.rbenv/versions/2.4.3/lib/ruby/gems/2.4.0/gems/aws-sdk-resources-3.12.0/lib" />
        <root url="file://$USER_HOME$/.rbenv/versions/2.4.3/lib/ruby/gems/2.4.0/gems/aws-sdk-resources-3.12.0/bin" />
      </SOURCES>
    </library>
    <library name="aws-sdk-route53 (v1.7.0, ruby-2.4.3-p205) [gem]">
      <CLASSES>
        <root url="file://$USER_HOME$/.rbenv/versions/2.4.3/lib/ruby/gems/2.4.0/gems/aws-sdk-route53-1.7.0/lib" />
      </CLASSES>
      <JAVADOC />
      <SOURCES>
        <root url="file://$USER_HOME$/.rbenv/versions/2.4.3/lib/ruby/gems/2.4.0/gems/aws-sdk-route53-1.7.0/lib" />
      </SOURCES>
    </library>
    <library name="aws-sdk-route53domains (v1.1.0, ruby-2.4.3-p205) [gem]">
      <CLASSES>
        <root url="file://$USER_HOME$/.rbenv/versions/2.4.3/lib/ruby/gems/2.4.0/gems/aws-sdk-route53domains-1.1.0/lib" />
      </CLASSES>
      <JAVADOC />
      <SOURCES>
        <root url="file://$USER_HOME$/.rbenv/versions/2.4.3/lib/ruby/gems/2.4.0/gems/aws-sdk-route53domains-1.1.0/lib" />
      </SOURCES>
    </library>
    <library name="aws-sdk-s3 (v1.8.0, ruby-2.4.3-p205) [gem]">
      <CLASSES>
        <root url="file://$USER_HOME$/.rbenv/versions/2.4.3/lib/ruby/gems/2.4.0/gems/aws-sdk-s3-1.8.0/lib" />
      </CLASSES>
      <JAVADOC />
      <SOURCES>
        <root url="file://$USER_HOME$/.rbenv/versions/2.4.3/lib/ruby/gems/2.4.0/gems/aws-sdk-s3-1.8.0/lib" />
      </SOURCES>
    </library>
    <library name="aws-sdk-sagemaker (v1.5.0, ruby-2.4.3-p205) [gem]">
      <CLASSES>
        <root url="file://$USER_HOME$/.rbenv/versions/2.4.3/lib/ruby/gems/2.4.0/gems/aws-sdk-sagemaker-1.5.0/lib" />
      </CLASSES>
      <JAVADOC />
      <SOURCES>
        <root url="file://$USER_HOME$/.rbenv/versions/2.4.3/lib/ruby/gems/2.4.0/gems/aws-sdk-sagemaker-1.5.0/lib" />
      </SOURCES>
    </library>
    <library name="aws-sdk-sagemakerruntime (v1.0.0, ruby-2.4.3-p205) [gem]">
      <CLASSES>
        <root url="file://$USER_HOME$/.rbenv/versions/2.4.3/lib/ruby/gems/2.4.0/gems/aws-sdk-sagemakerruntime-1.0.0/lib" />
      </CLASSES>
      <JAVADOC />
      <SOURCES>
        <root url="file://$USER_HOME$/.rbenv/versions/2.4.3/lib/ruby/gems/2.4.0/gems/aws-sdk-sagemakerruntime-1.0.0/lib" />
      </SOURCES>
    </library>
    <library name="aws-sdk-serverlessapplicationrepository (v1.0.0, ruby-2.4.3-p205) [gem]">
      <CLASSES>
        <root url="file://$USER_HOME$/.rbenv/versions/2.4.3/lib/ruby/gems/2.4.0/gems/aws-sdk-serverlessapplicationrepository-1.0.0/lib" />
      </CLASSES>
      <JAVADOC />
      <SOURCES>
        <root url="file://$USER_HOME$/.rbenv/versions/2.4.3/lib/ruby/gems/2.4.0/gems/aws-sdk-serverlessapplicationrepository-1.0.0/lib" />
      </SOURCES>
    </library>
    <library name="aws-sdk-servicecatalog (v1.3.0, ruby-2.4.3-p205) [gem]">
      <CLASSES>
        <root url="file://$USER_HOME$/.rbenv/versions/2.4.3/lib/ruby/gems/2.4.0/gems/aws-sdk-servicecatalog-1.3.0/lib" />
      </CLASSES>
      <JAVADOC />
      <SOURCES>
        <root url="file://$USER_HOME$/.rbenv/versions/2.4.3/lib/ruby/gems/2.4.0/gems/aws-sdk-servicecatalog-1.3.0/lib" />
      </SOURCES>
    </library>
    <library name="aws-sdk-servicediscovery (v1.1.0, ruby-2.4.3-p205) [gem]">
      <CLASSES>
        <root url="file://$USER_HOME$/.rbenv/versions/2.4.3/lib/ruby/gems/2.4.0/gems/aws-sdk-servicediscovery-1.1.0/lib" />
      </CLASSES>
      <JAVADOC />
      <SOURCES>
        <root url="file://$USER_HOME$/.rbenv/versions/2.4.3/lib/ruby/gems/2.4.0/gems/aws-sdk-servicediscovery-1.1.0/lib" />
      </SOURCES>
    </library>
    <library name="aws-sdk-ses (v1.6.0, ruby-2.4.3-p205) [gem]">
      <CLASSES>
        <root url="file://$USER_HOME$/.rbenv/versions/2.4.3/lib/ruby/gems/2.4.0/gems/aws-sdk-ses-1.6.0/lib" />
      </CLASSES>
      <JAVADOC />
      <SOURCES>
        <root url="file://$USER_HOME$/.rbenv/versions/2.4.3/lib/ruby/gems/2.4.0/gems/aws-sdk-ses-1.6.0/lib" />
      </SOURCES>
    </library>
    <library name="aws-sdk-shield (v1.1.0, ruby-2.4.3-p205) [gem]">
      <CLASSES>
        <root url="file://$USER_HOME$/.rbenv/versions/2.4.3/lib/ruby/gems/2.4.0/gems/aws-sdk-shield-1.1.0/lib" />
      </CLASSES>
      <JAVADOC />
      <SOURCES>
        <root url="file://$USER_HOME$/.rbenv/versions/2.4.3/lib/ruby/gems/2.4.0/gems/aws-sdk-shield-1.1.0/lib" />
      </SOURCES>
    </library>
    <library name="aws-sdk-simpledb (v1.0.0, ruby-2.4.3-p205) [gem]">
      <CLASSES>
        <root url="file://$USER_HOME$/.rbenv/versions/2.4.3/lib/ruby/gems/2.4.0/gems/aws-sdk-simpledb-1.0.0/lib" />
      </CLASSES>
      <JAVADOC />
      <SOURCES>
        <root url="file://$USER_HOME$/.rbenv/versions/2.4.3/lib/ruby/gems/2.4.0/gems/aws-sdk-simpledb-1.0.0/lib" />
      </SOURCES>
    </library>
    <library name="aws-sdk-sms (v1.0.0, ruby-2.4.3-p205) [gem]">
      <CLASSES>
        <root url="file://$USER_HOME$/.rbenv/versions/2.4.3/lib/ruby/gems/2.4.0/gems/aws-sdk-sms-1.0.0/lib" />
      </CLASSES>
      <JAVADOC />
      <SOURCES>
        <root url="file://$USER_HOME$/.rbenv/versions/2.4.3/lib/ruby/gems/2.4.0/gems/aws-sdk-sms-1.0.0/lib" />
      </SOURCES>
    </library>
    <library name="aws-sdk-snowball (v1.2.0, ruby-2.4.3-p205) [gem]">
      <CLASSES>
        <root url="file://$USER_HOME$/.rbenv/versions/2.4.3/lib/ruby/gems/2.4.0/gems/aws-sdk-snowball-1.2.0/lib" />
      </CLASSES>
      <JAVADOC />
      <SOURCES>
        <root url="file://$USER_HOME$/.rbenv/versions/2.4.3/lib/ruby/gems/2.4.0/gems/aws-sdk-snowball-1.2.0/lib" />
      </SOURCES>
    </library>
    <library name="aws-sdk-sns (v1.1.0, ruby-2.4.3-p205) [gem]">
      <CLASSES>
        <root url="file://$USER_HOME$/.rbenv/versions/2.4.3/lib/ruby/gems/2.4.0/gems/aws-sdk-sns-1.1.0/lib" />
      </CLASSES>
      <JAVADOC />
      <SOURCES>
        <root url="file://$USER_HOME$/.rbenv/versions/2.4.3/lib/ruby/gems/2.4.0/gems/aws-sdk-sns-1.1.0/lib" />
      </SOURCES>
    </library>
    <library name="aws-sdk-sqs (v1.3.0, ruby-2.4.3-p205) [gem]">
      <CLASSES>
        <root url="file://$USER_HOME$/.rbenv/versions/2.4.3/lib/ruby/gems/2.4.0/gems/aws-sdk-sqs-1.3.0/lib" />
      </CLASSES>
      <JAVADOC />
      <SOURCES>
        <root url="file://$USER_HOME$/.rbenv/versions/2.4.3/lib/ruby/gems/2.4.0/gems/aws-sdk-sqs-1.3.0/lib" />
      </SOURCES>
    </library>
    <library name="aws-sdk-ssm (v1.7.0, ruby-2.4.3-p205) [gem]">
      <CLASSES>
        <root url="file://$USER_HOME$/.rbenv/versions/2.4.3/lib/ruby/gems/2.4.0/gems/aws-sdk-ssm-1.7.0/lib" />
      </CLASSES>
      <JAVADOC />
      <SOURCES>
        <root url="file://$USER_HOME$/.rbenv/versions/2.4.3/lib/ruby/gems/2.4.0/gems/aws-sdk-ssm-1.7.0/lib" />
      </SOURCES>
    </library>
    <library name="aws-sdk-states (v1.2.0, ruby-2.4.3-p205) [gem]">
      <CLASSES>
        <root url="file://$USER_HOME$/.rbenv/versions/2.4.3/lib/ruby/gems/2.4.0/gems/aws-sdk-states-1.2.0/lib" />
      </CLASSES>
      <JAVADOC />
      <SOURCES>
        <root url="file://$USER_HOME$/.rbenv/versions/2.4.3/lib/ruby/gems/2.4.0/gems/aws-sdk-states-1.2.0/lib" />
      </SOURCES>
    </library>
    <library name="aws-sdk-storagegateway (v1.2.0, ruby-2.4.3-p205) [gem]">
      <CLASSES>
        <root url="file://$USER_HOME$/.rbenv/versions/2.4.3/lib/ruby/gems/2.4.0/gems/aws-sdk-storagegateway-1.2.0/lib" />
      </CLASSES>
      <JAVADOC />
      <SOURCES>
        <root url="file://$USER_HOME$/.rbenv/versions/2.4.3/lib/ruby/gems/2.4.0/gems/aws-sdk-storagegateway-1.2.0/lib" />
      </SOURCES>
    </library>
    <library name="aws-sdk-support (v1.0.0, ruby-2.4.3-p205) [gem]">
      <CLASSES>
        <root url="file://$USER_HOME$/.rbenv/versions/2.4.3/lib/ruby/gems/2.4.0/gems/aws-sdk-support-1.0.0/lib" />
      </CLASSES>
      <JAVADOC />
      <SOURCES>
        <root url="file://$USER_HOME$/.rbenv/versions/2.4.3/lib/ruby/gems/2.4.0/gems/aws-sdk-support-1.0.0/lib" />
      </SOURCES>
    </library>
    <library name="aws-sdk-swf (v1.0.0, ruby-2.4.3-p205) [gem]">
      <CLASSES>
        <root url="file://$USER_HOME$/.rbenv/versions/2.4.3/lib/ruby/gems/2.4.0/gems/aws-sdk-swf-1.0.0/lib" />
      </CLASSES>
      <JAVADOC />
      <SOURCES>
        <root url="file://$USER_HOME$/.rbenv/versions/2.4.3/lib/ruby/gems/2.4.0/gems/aws-sdk-swf-1.0.0/lib" />
      </SOURCES>
    </library>
    <library name="aws-sdk-transcribeservice (v1.0.0, ruby-2.4.3-p205) [gem]">
      <CLASSES>
        <root url="file://$USER_HOME$/.rbenv/versions/2.4.3/lib/ruby/gems/2.4.0/gems/aws-sdk-transcribeservice-1.0.0/lib" />
      </CLASSES>
      <JAVADOC />
      <SOURCES>
        <root url="file://$USER_HOME$/.rbenv/versions/2.4.3/lib/ruby/gems/2.4.0/gems/aws-sdk-transcribeservice-1.0.0/lib" />
      </SOURCES>
    </library>
    <library name="aws-sdk-translate (v1.0.0, ruby-2.4.3-p205) [gem]">
      <CLASSES>
        <root url="file://$USER_HOME$/.rbenv/versions/2.4.3/lib/ruby/gems/2.4.0/gems/aws-sdk-translate-1.0.0/lib" />
      </CLASSES>
      <JAVADOC />
      <SOURCES>
        <root url="file://$USER_HOME$/.rbenv/versions/2.4.3/lib/ruby/gems/2.4.0/gems/aws-sdk-translate-1.0.0/lib" />
      </SOURCES>
    </library>
    <library name="aws-sdk-waf (v1.3.0, ruby-2.4.3-p205) [gem]">
      <CLASSES>
        <root url="file://$USER_HOME$/.rbenv/versions/2.4.3/lib/ruby/gems/2.4.0/gems/aws-sdk-waf-1.3.0/lib" />
      </CLASSES>
      <JAVADOC />
      <SOURCES>
        <root url="file://$USER_HOME$/.rbenv/versions/2.4.3/lib/ruby/gems/2.4.0/gems/aws-sdk-waf-1.3.0/lib" />
      </SOURCES>
    </library>
    <library name="aws-sdk-wafregional (v1.3.0, ruby-2.4.3-p205) [gem]">
      <CLASSES>
        <root url="file://$USER_HOME$/.rbenv/versions/2.4.3/lib/ruby/gems/2.4.0/gems/aws-sdk-wafregional-1.3.0/lib" />
      </CLASSES>
      <JAVADOC />
      <SOURCES>
        <root url="file://$USER_HOME$/.rbenv/versions/2.4.3/lib/ruby/gems/2.4.0/gems/aws-sdk-wafregional-1.3.0/lib" />
      </SOURCES>
    </library>
    <library name="aws-sdk-workdocs (v1.1.0, ruby-2.4.3-p205) [gem]">
      <CLASSES>
        <root url="file://$USER_HOME$/.rbenv/versions/2.4.3/lib/ruby/gems/2.4.0/gems/aws-sdk-workdocs-1.1.0/lib" />
      </CLASSES>
      <JAVADOC />
      <SOURCES>
        <root url="file://$USER_HOME$/.rbenv/versions/2.4.3/lib/ruby/gems/2.4.0/gems/aws-sdk-workdocs-1.1.0/lib" />
      </SOURCES>
    </library>
    <library name="aws-sdk-workmail (v1.0.0, ruby-2.4.3-p205) [gem]">
      <CLASSES>
        <root url="file://$USER_HOME$/.rbenv/versions/2.4.3/lib/ruby/gems/2.4.0/gems/aws-sdk-workmail-1.0.0/lib" />
      </CLASSES>
      <JAVADOC />
      <SOURCES>
        <root url="file://$USER_HOME$/.rbenv/versions/2.4.3/lib/ruby/gems/2.4.0/gems/aws-sdk-workmail-1.0.0/lib" />
      </SOURCES>
    </library>
    <library name="aws-sdk-workspaces (v1.1.0, ruby-2.4.3-p205) [gem]">
      <CLASSES>
        <root url="file://$USER_HOME$/.rbenv/versions/2.4.3/lib/ruby/gems/2.4.0/gems/aws-sdk-workspaces-1.1.0/lib" />
      </CLASSES>
      <JAVADOC />
      <SOURCES>
        <root url="file://$USER_HOME$/.rbenv/versions/2.4.3/lib/ruby/gems/2.4.0/gems/aws-sdk-workspaces-1.1.0/lib" />
      </SOURCES>
    </library>
    <library name="aws-sdk-xray (v1.1.0, ruby-2.4.3-p205) [gem]">
      <CLASSES>
        <root url="file://$USER_HOME$/.rbenv/versions/2.4.3/lib/ruby/gems/2.4.0/gems/aws-sdk-xray-1.1.0/lib" />
      </CLASSES>
      <JAVADOC />
      <SOURCES>
        <root url="file://$USER_HOME$/.rbenv/versions/2.4.3/lib/ruby/gems/2.4.0/gems/aws-sdk-xray-1.1.0/lib" />
      </SOURCES>
    </library>
    <library name="aws-sigv2 (v1.0.1, ruby-2.4.3-p205) [gem]">
      <CLASSES>
        <root url="file://$USER_HOME$/.rbenv/versions/2.4.3/lib/ruby/gems/2.4.0/gems/aws-sigv2-1.0.1/lib" />
      </CLASSES>
      <JAVADOC />
      <SOURCES>
        <root url="file://$USER_HOME$/.rbenv/versions/2.4.3/lib/ruby/gems/2.4.0/gems/aws-sigv2-1.0.1/lib" />
      </SOURCES>
    </library>
    <library name="aws-sigv4 (v1.0.2, ruby-2.4.3-p205) [gem]">
      <CLASSES>
        <root url="file://$USER_HOME$/.rbenv/versions/2.4.3/lib/ruby/gems/2.4.0/gems/aws-sigv4-1.0.2/lib" />
      </CLASSES>
      <JAVADOC />
      <SOURCES>
        <root url="file://$USER_HOME$/.rbenv/versions/2.4.3/lib/ruby/gems/2.4.0/gems/aws-sigv4-1.0.2/lib" />
      </SOURCES>
    </library>
    <library name="bigdecimal (v1.3.0, ruby-2.4.3-p205) [gem]">
      <CLASSES>
        <root url="file://$USER_HOME$/.rbenv/versions/2.4.3/lib/ruby/2.4.0/bigdecimal" />
      </CLASSES>
      <JAVADOC />
      <SOURCES>
        <root url="file://$USER_HOME$/.rbenv/versions/2.4.3/lib/ruby/2.4.0/bigdecimal" />
      </SOURCES>
    </library>
    <library name="Bundled Protobuf Distribution">
      <CLASSES />
      <JAVADOC />
      <SOURCES>
        <root url="jar://$APPLICATION_PLUGINS_DIR$/protobuf-jetbrains-plugin/lib/protobuf-java-3.6.1-sources.jar!/" />
      </SOURCES>
    </library>
    <library name="bundler (v1.16.1, ruby-2.4.3-p205) [gem]">
      <CLASSES>
        <root url="file://$USER_HOME$/.rbenv/versions/2.4.3/lib/ruby/gems/2.4.0/gems/bundler-1.16.1/man" />
        <root url="file://$USER_HOME$/.rbenv/versions/2.4.3/lib/ruby/gems/2.4.0/gems/bundler-1.16.1/lib" />
        <root url="file://$USER_HOME$/.rbenv/versions/2.4.3/lib/ruby/gems/2.4.0/gems/bundler-1.16.1/exe" />
      </CLASSES>
      <JAVADOC />
      <SOURCES>
        <root url="file://$USER_HOME$/.rbenv/versions/2.4.3/lib/ruby/gems/2.4.0/gems/bundler-1.16.1/man" />
        <root url="file://$USER_HOME$/.rbenv/versions/2.4.3/lib/ruby/gems/2.4.0/gems/bundler-1.16.1/lib" />
        <root url="file://$USER_HOME$/.rbenv/versions/2.4.3/lib/ruby/gems/2.4.0/gems/bundler-1.16.1/exe" />
      </SOURCES>
    </library>
    <library name="concurrent-ruby (v1.0.5, ruby-2.4.3-p205) [gem]">
      <CLASSES>
        <root url="file://$USER_HOME$/.rbenv/versions/2.4.3/lib/ruby/gems/2.4.0/gems/concurrent-ruby-1.0.5/lib" />
      </CLASSES>
      <JAVADOC />
      <SOURCES>
        <root url="file://$USER_HOME$/.rbenv/versions/2.4.3/lib/ruby/gems/2.4.0/gems/concurrent-ruby-1.0.5/lib" />
      </SOURCES>
    </library>
    <library name="did_you_mean (v1.1.0, ruby-2.4.3-p205) [gem]">
      <CLASSES>
        <root url="file://$USER_HOME$/.rbenv/versions/2.4.3/lib/ruby/gems/2.4.0/gems/did_you_mean-1.1.0/lib" />
        <root url="file://$USER_HOME$/.rbenv/versions/2.4.3/lib/ruby/gems/2.4.0/gems/did_you_mean-1.1.0/evaluation" />
        <root url="file://$USER_HOME$/.rbenv/versions/2.4.3/lib/ruby/gems/2.4.0/gems/did_you_mean-1.1.0/benchmark" />
      </CLASSES>
      <JAVADOC />
      <SOURCES>
        <root url="file://$USER_HOME$/.rbenv/versions/2.4.3/lib/ruby/gems/2.4.0/gems/did_you_mean-1.1.0/lib" />
        <root url="file://$USER_HOME$/.rbenv/versions/2.4.3/lib/ruby/gems/2.4.0/gems/did_you_mean-1.1.0/evaluation" />
        <root url="file://$USER_HOME$/.rbenv/versions/2.4.3/lib/ruby/gems/2.4.0/gems/did_you_mean-1.1.0/benchmark" />
      </SOURCES>
    </library>
    <library name="eventmachine (v1.2.5, ruby-2.4.3-p205) [gem]">
      <CLASSES>
        <root url="file://$USER_HOME$/.rbenv/versions/2.4.3/lib/ruby/gems/2.4.0/gems/eventmachine-1.2.5/ext" />
        <root url="file://$USER_HOME$/.rbenv/versions/2.4.3/lib/ruby/gems/2.4.0/gems/eventmachine-1.2.5/lib" />
        <root url="file://$USER_HOME$/.rbenv/versions/2.4.3/lib/ruby/gems/2.4.0/gems/eventmachine-1.2.5/tests" />
        <root url="file://$USER_HOME$/.rbenv/versions/2.4.3/lib/ruby/gems/2.4.0/gems/eventmachine-1.2.5/rakelib" />
        <root url="file://$USER_HOME$/.rbenv/versions/2.4.3/lib/ruby/gems/2.4.0/gems/eventmachine-1.2.5/java" />
      </CLASSES>
      <JAVADOC />
      <SOURCES>
        <root url="file://$USER_HOME$/.rbenv/versions/2.4.3/lib/ruby/gems/2.4.0/gems/eventmachine-1.2.5/ext" />
        <root url="file://$USER_HOME$/.rbenv/versions/2.4.3/lib/ruby/gems/2.4.0/gems/eventmachine-1.2.5/lib" />
        <root url="file://$USER_HOME$/.rbenv/versions/2.4.3/lib/ruby/gems/2.4.0/gems/eventmachine-1.2.5/tests" />
        <root url="file://$USER_HOME$/.rbenv/versions/2.4.3/lib/ruby/gems/2.4.0/gems/eventmachine-1.2.5/rakelib" />
        <root url="file://$USER_HOME$/.rbenv/versions/2.4.3/lib/ruby/gems/2.4.0/gems/eventmachine-1.2.5/java" />
      </SOURCES>
    </library>
    <library name="faraday (v0.13.1, ruby-2.4.3-p205) [gem]">
      <CLASSES>
        <root url="file://$USER_HOME$/.rbenv/versions/2.4.3/lib/ruby/gems/2.4.0/gems/faraday-0.13.1/lib" />
      </CLASSES>
      <JAVADOC />
      <SOURCES>
        <root url="file://$USER_HOME$/.rbenv/versions/2.4.3/lib/ruby/gems/2.4.0/gems/faraday-0.13.1/lib" />
      </SOURCES>
    </library>
    <library name="faye-websocket (v0.10.7, ruby-2.4.3-p205) [gem]">
      <CLASSES>
        <root url="file://$USER_HOME$/.rbenv/versions/2.4.3/lib/ruby/gems/2.4.0/gems/faye-websocket-0.10.7/lib" />
      </CLASSES>
      <JAVADOC />
      <SOURCES>
        <root url="file://$USER_HOME$/.rbenv/versions/2.4.3/lib/ruby/gems/2.4.0/gems/faye-websocket-0.10.7/lib" />
      </SOURCES>
    </library>
    <library name="http_router (v0.11.2, ruby-2.4.3-p205) [gem]">
      <CLASSES>
        <root url="file://$USER_HOME$/.rbenv/versions/2.4.3/lib/ruby/gems/2.4.0/gems/http_router-0.11.2/benchmarks" />
        <root url="file://$USER_HOME$/.rbenv/versions/2.4.3/lib/ruby/gems/2.4.0/gems/http_router-0.11.2/js" />
        <root url="file://$USER_HOME$/.rbenv/versions/2.4.3/lib/ruby/gems/2.4.0/gems/http_router-0.11.2/lib" />
      </CLASSES>
      <JAVADOC />
      <SOURCES>
        <root url="file://$USER_HOME$/.rbenv/versions/2.4.3/lib/ruby/gems/2.4.0/gems/http_router-0.11.2/benchmarks" />
        <root url="file://$USER_HOME$/.rbenv/versions/2.4.3/lib/ruby/gems/2.4.0/gems/http_router-0.11.2/js" />
        <root url="file://$USER_HOME$/.rbenv/versions/2.4.3/lib/ruby/gems/2.4.0/gems/http_router-0.11.2/lib" />
      </SOURCES>
    </library>
    <library name="i18n (v0.9.1, ruby-2.4.3-p205) [gem]">
      <CLASSES>
        <root url="file://$USER_HOME$/.rbenv/versions/2.4.3/lib/ruby/gems/2.4.0/gems/i18n-0.9.1/lib" />
        <root url="file://$USER_HOME$/.rbenv/versions/2.4.3/lib/ruby/gems/2.4.0/gems/i18n-0.9.1/gemfiles" />
      </CLASSES>
      <JAVADOC />
      <SOURCES>
        <root url="file://$USER_HOME$/.rbenv/versions/2.4.3/lib/ruby/gems/2.4.0/gems/i18n-0.9.1/lib" />
        <root url="file://$USER_HOME$/.rbenv/versions/2.4.3/lib/ruby/gems/2.4.0/gems/i18n-0.9.1/gemfiles" />
      </SOURCES>
    </library>
    <library name="ice_nine (v0.11.2, ruby-2.4.3-p205) [gem]">
      <CLASSES>
        <root url="file://$USER_HOME$/.rbenv/versions/2.4.3/lib/ruby/gems/2.4.0/gems/ice_nine-0.11.2/config" />
        <root url="file://$USER_HOME$/.rbenv/versions/2.4.3/lib/ruby/gems/2.4.0/gems/ice_nine-0.11.2/lib" />
        <root url="file://$USER_HOME$/.rbenv/versions/2.4.3/lib/ruby/gems/2.4.0/gems/ice_nine-0.11.2/benchmarks" />
      </CLASSES>
      <JAVADOC />
      <SOURCES>
        <root url="file://$USER_HOME$/.rbenv/versions/2.4.3/lib/ruby/gems/2.4.0/gems/ice_nine-0.11.2/config" />
        <root url="file://$USER_HOME$/.rbenv/versions/2.4.3/lib/ruby/gems/2.4.0/gems/ice_nine-0.11.2/lib" />
        <root url="file://$USER_HOME$/.rbenv/versions/2.4.3/lib/ruby/gems/2.4.0/gems/ice_nine-0.11.2/benchmarks" />
      </SOURCES>
    </library>
    <library name="jmespath (v1.3.1, ruby-2.4.3-p205) [gem]">
      <CLASSES>
        <root url="file://$USER_HOME$/.rbenv/versions/2.4.3/lib/ruby/gems/2.4.0/gems/jmespath-1.3.1/lib" />
      </CLASSES>
      <JAVADOC />
      <SOURCES>
        <root url="file://$USER_HOME$/.rbenv/versions/2.4.3/lib/ruby/gems/2.4.0/gems/jmespath-1.3.1/lib" />
      </SOURCES>
    </library>
    <library name="json (v2.0.4, ruby-2.4.3-p205) [gem]">
      <CLASSES>
        <root url="file://$USER_HOME$/.rbenv/versions/2.4.3/lib/ruby/2.4.0/json/add" />
      </CLASSES>
      <JAVADOC />
      <SOURCES>
        <root url="file://$USER_HOME$/.rbenv/versions/2.4.3/lib/ruby/2.4.0/json/add" />
      </SOURCES>
    </library>
    <library name="lita (v4.7.1, ruby-2.4.3-p205) [gem]">
      <CLASSES>
        <root url="file://$USER_HOME$/.rbenv/versions/2.4.3/lib/ruby/gems/2.4.0/gems/lita-4.7.1/lib" />
        <root url="file://$USER_HOME$/.rbenv/versions/2.4.3/lib/ruby/gems/2.4.0/gems/lita-4.7.1/bin" />
        <root url="file://$USER_HOME$/.rbenv/versions/2.4.3/lib/ruby/gems/2.4.0/gems/lita-4.7.1/templates" />
      </CLASSES>
      <JAVADOC />
      <SOURCES>
        <root url="file://$USER_HOME$/.rbenv/versions/2.4.3/lib/ruby/gems/2.4.0/gems/lita-4.7.1/lib" />
        <root url="file://$USER_HOME$/.rbenv/versions/2.4.3/lib/ruby/gems/2.4.0/gems/lita-4.7.1/bin" />
        <root url="file://$USER_HOME$/.rbenv/versions/2.4.3/lib/ruby/gems/2.4.0/gems/lita-4.7.1/templates" />
      </SOURCES>
    </library>
    <library name="lita-slack (v1.8.0@71ffeb, ruby-2.4.3-p205) [gem]">
      <CLASSES>
        <root url="file://$USER_HOME$/.rbenv/versions/2.4.3/lib/ruby/gems/2.4.0/bundler/gems/lita-slack-71ffeb12af3e/locales" />
        <root url="file://$USER_HOME$/.rbenv/versions/2.4.3/lib/ruby/gems/2.4.0/bundler/gems/lita-slack-71ffeb12af3e/lib" />
      </CLASSES>
      <JAVADOC />
      <SOURCES>
        <root url="file://$USER_HOME$/.rbenv/versions/2.4.3/lib/ruby/gems/2.4.0/bundler/gems/lita-slack-71ffeb12af3e/locales" />
        <root url="file://$USER_HOME$/.rbenv/versions/2.4.3/lib/ruby/gems/2.4.0/bundler/gems/lita-slack-71ffeb12af3e/lib" />
      </SOURCES>
    </library>
    <library name="minitest (v5.10.1, ruby-2.4.3-p205) [gem]">
      <CLASSES>
        <root url="file://$USER_HOME$/.rbenv/versions/2.4.3/lib/ruby/gems/2.4.0/gems/minitest-5.10.1/lib" />
      </CLASSES>
      <JAVADOC />
      <SOURCES>
        <root url="file://$USER_HOME$/.rbenv/versions/2.4.3/lib/ruby/gems/2.4.0/gems/minitest-5.10.1/lib" />
      </SOURCES>
    </library>
    <library name="multi_json (v1.12.2, ruby-2.4.3-p205) [gem]">
      <CLASSES>
        <root url="file://$USER_HOME$/.rbenv/versions/2.4.3/lib/ruby/gems/2.4.0/gems/multi_json-1.12.2/lib" />
      </CLASSES>
      <JAVADOC />
      <SOURCES>
        <root url="file://$USER_HOME$/.rbenv/versions/2.4.3/lib/ruby/gems/2.4.0/gems/multi_json-1.12.2/lib" />
      </SOURCES>
    </library>
    <library name="multipart-post (v2.0.0, ruby-2.4.3-p205) [gem]">
      <CLASSES>
        <root url="file://$USER_HOME$/.rbenv/versions/2.4.3/lib/ruby/gems/2.4.0/gems/multipart-post-2.0.0/lib" />
      </CLASSES>
      <JAVADOC />
      <SOURCES>
        <root url="file://$USER_HOME$/.rbenv/versions/2.4.3/lib/ruby/gems/2.4.0/gems/multipart-post-2.0.0/lib" />
      </SOURCES>
    </library>
    <library name="net-telnet (v0.1.1, ruby-2.4.3-p205) [gem]">
      <CLASSES>
        <root url="file://$USER_HOME$/.rbenv/versions/2.4.3/lib/ruby/gems/2.4.0/gems/net-telnet-0.1.1/lib" />
        <root url="file://$USER_HOME$/.rbenv/versions/2.4.3/lib/ruby/gems/2.4.0/gems/net-telnet-0.1.1/bin" />
      </CLASSES>
      <JAVADOC />
      <SOURCES>
        <root url="file://$USER_HOME$/.rbenv/versions/2.4.3/lib/ruby/gems/2.4.0/gems/net-telnet-0.1.1/lib" />
        <root url="file://$USER_HOME$/.rbenv/versions/2.4.3/lib/ruby/gems/2.4.0/gems/net-telnet-0.1.1/bin" />
      </SOURCES>
    </library>
    <library name="openssl (v2.0.5, ruby-2.4.3-p205) [gem]">
      <CLASSES>
        <root url="file://$USER_HOME$/.rbenv/versions/2.4.3/lib/ruby/2.4.0/openssl" />
      </CLASSES>
      <JAVADOC />
      <SOURCES>
        <root url="file://$USER_HOME$/.rbenv/versions/2.4.3/lib/ruby/2.4.0/openssl" />
      </SOURCES>
    </library>
    <library name="power_assert (v0.4.1, ruby-2.4.3-p205) [gem]">
      <CLASSES>
        <root url="file://$USER_HOME$/.rbenv/versions/2.4.3/lib/ruby/gems/2.4.0/gems/power_assert-0.4.1/lib" />
        <root url="file://$USER_HOME$/.rbenv/versions/2.4.3/lib/ruby/gems/2.4.0/gems/power_assert-0.4.1/benchmarks" />
      </CLASSES>
      <JAVADOC />
      <SOURCES>
        <root url="file://$USER_HOME$/.rbenv/versions/2.4.3/lib/ruby/gems/2.4.0/gems/power_assert-0.4.1/lib" />
        <root url="file://$USER_HOME$/.rbenv/versions/2.4.3/lib/ruby/gems/2.4.0/gems/power_assert-0.4.1/benchmarks" />
      </SOURCES>
    </library>
    <library name="psych (v2.2.2, ruby-2.4.3-p205) [gem]">
      <CLASSES>
        <root url="file://$USER_HOME$/.rbenv/versions/2.4.3/lib/ruby/2.4.0/psych/handlers" />
        <root url="file://$USER_HOME$/.rbenv/versions/2.4.3/lib/ruby/2.4.0/psych/json" />
        <root url="file://$USER_HOME$/.rbenv/versions/2.4.3/lib/ruby/2.4.0/psych/visitors" />
        <root url="file://$USER_HOME$/.rbenv/versions/2.4.3/lib/ruby/2.4.0/psych/nodes" />
      </CLASSES>
      <JAVADOC />
      <SOURCES>
        <root url="file://$USER_HOME$/.rbenv/versions/2.4.3/lib/ruby/2.4.0/psych/handlers" />
        <root url="file://$USER_HOME$/.rbenv/versions/2.4.3/lib/ruby/2.4.0/psych/json" />
        <root url="file://$USER_HOME$/.rbenv/versions/2.4.3/lib/ruby/2.4.0/psych/visitors" />
        <root url="file://$USER_HOME$/.rbenv/versions/2.4.3/lib/ruby/2.4.0/psych/nodes" />
      </SOURCES>
    </library>
    <library name="puma (v3.11.0, ruby-2.4.3-p205) [gem]">
      <CLASSES>
        <root url="file://$USER_HOME$/.rbenv/versions/2.4.3/lib/ruby/gems/2.4.0/gems/puma-3.11.0/tools" />
        <root url="file://$USER_HOME$/.rbenv/versions/2.4.3/lib/ruby/gems/2.4.0/gems/puma-3.11.0/ext" />
        <root url="file://$USER_HOME$/.rbenv/versions/2.4.3/lib/ruby/gems/2.4.0/gems/puma-3.11.0/bin" />
        <root url="file://$USER_HOME$/.rbenv/versions/2.4.3/lib/ruby/gems/2.4.0/gems/puma-3.11.0/lib" />
      </CLASSES>
      <JAVADOC />
      <SOURCES>
        <root url="file://$USER_HOME$/.rbenv/versions/2.4.3/lib/ruby/gems/2.4.0/gems/puma-3.11.0/tools" />
        <root url="file://$USER_HOME$/.rbenv/versions/2.4.3/lib/ruby/gems/2.4.0/gems/puma-3.11.0/ext" />
        <root url="file://$USER_HOME$/.rbenv/versions/2.4.3/lib/ruby/gems/2.4.0/gems/puma-3.11.0/bin" />
        <root url="file://$USER_HOME$/.rbenv/versions/2.4.3/lib/ruby/gems/2.4.0/gems/puma-3.11.0/lib" />
      </SOURCES>
    </library>
    <library name="Python 3.6 (genisys-intothestorm-neo) interpreter library">
      <CLASSES>
        <root url="file://$USER_HOME$/.pyenv/versions/3.6.3/lib/python3.6" />
        <root url="file://$USER_HOME$/.pyenv/versions/3.6.3/lib/python3.6/lib-dynload" />
        <root url="file://$USER_HOME$/.local/lib/python3.6/site-packages" />
        <root url="file://$USER_HOME$/.pyenv/versions/3.6.3/lib/python3.6/site-packages" />
        <root url="file://$USER_HOME$/Library/Caches/IntelliJIdea2019.1/python_stubs/-1591097138" />
        <root url="file://$APPLICATION_PLUGINS_DIR$/python/helpers/python-skeletons" />
        <root url="file://$APPLICATION_PLUGINS_DIR$/python/helpers/typeshed/stdlib/3" />
        <root url="file://$APPLICATION_PLUGINS_DIR$/python/helpers/typeshed/stdlib/2and3" />
        <root url="file://$APPLICATION_PLUGINS_DIR$/python/helpers/typeshed/third_party/3" />
        <root url="file://$APPLICATION_PLUGINS_DIR$/python/helpers/typeshed/third_party/2and3" />
      </CLASSES>
      <JAVADOC />
      <SOURCES>
        <root url="file://$USER_HOME$/.pyenv/versions/3.6.3/lib/python3.6" />
        <root url="file://$USER_HOME$/.pyenv/versions/3.6.3/lib/python3.6/lib-dynload" />
        <root url="file://$USER_HOME$/.local/lib/python3.6/site-packages" />
        <root url="file://$USER_HOME$/.pyenv/versions/3.6.3/lib/python3.6/site-packages" />
        <root url="file://$USER_HOME$/Library/Caches/IntelliJIdea2019.1/python_stubs/-1591097138" />
        <root url="file://$APPLICATION_PLUGINS_DIR$/python/helpers/python-skeletons" />
        <root url="file://$APPLICATION_PLUGINS_DIR$/python/helpers/typeshed/stdlib/3" />
        <root url="file://$APPLICATION_PLUGINS_DIR$/python/helpers/typeshed/stdlib/2and3" />
        <root url="file://$APPLICATION_PLUGINS_DIR$/python/helpers/typeshed/third_party/3" />
        <root url="file://$APPLICATION_PLUGINS_DIR$/python/helpers/typeshed/third_party/2and3" />
      </SOURCES>
    </library>
    <library name="rack (v1.6.8, ruby-2.4.3-p205) [gem]">
      <CLASSES>
        <root url="file://$USER_HOME$/.rbenv/versions/2.4.3/lib/ruby/gems/2.4.0/gems/rack-1.6.8/lib" />
        <root url="file://$USER_HOME$/.rbenv/versions/2.4.3/lib/ruby/gems/2.4.0/gems/rack-1.6.8/bin" />
        <root url="file://$USER_HOME$/.rbenv/versions/2.4.3/lib/ruby/gems/2.4.0/gems/rack-1.6.8/contrib" />
        <root url="file://$USER_HOME$/.rbenv/versions/2.4.3/lib/ruby/gems/2.4.0/gems/rack-1.6.8/example" />
      </CLASSES>
      <JAVADOC />
      <SOURCES>
        <root url="file://$USER_HOME$/.rbenv/versions/2.4.3/lib/ruby/gems/2.4.0/gems/rack-1.6.8/lib" />
        <root url="file://$USER_HOME$/.rbenv/versions/2.4.3/lib/ruby/gems/2.4.0/gems/rack-1.6.8/bin" />
        <root url="file://$USER_HOME$/.rbenv/versions/2.4.3/lib/ruby/gems/2.4.0/gems/rack-1.6.8/contrib" />
        <root url="file://$USER_HOME$/.rbenv/versions/2.4.3/lib/ruby/gems/2.4.0/gems/rack-1.6.8/example" />
      </SOURCES>
    </library>
    <library name="rake (v12.0.0, ruby-2.4.3-p205) [gem]">
      <CLASSES>
        <root url="file://$USER_HOME$/.rbenv/versions/2.4.3/lib/ruby/gems/2.4.0/gems/rake-12.0.0/lib" />
        <root url="file://$USER_HOME$/.rbenv/versions/2.4.3/lib/ruby/gems/2.4.0/gems/rake-12.0.0/bin" />
        <root url="file://$USER_HOME$/.rbenv/versions/2.4.3/lib/ruby/gems/2.4.0/gems/rake-12.0.0/exe" />
      </CLASSES>
      <JAVADOC />
      <SOURCES>
        <root url="file://$USER_HOME$/.rbenv/versions/2.4.3/lib/ruby/gems/2.4.0/gems/rake-12.0.0/lib" />
        <root url="file://$USER_HOME$/.rbenv/versions/2.4.3/lib/ruby/gems/2.4.0/gems/rake-12.0.0/bin" />
        <root url="file://$USER_HOME$/.rbenv/versions/2.4.3/lib/ruby/gems/2.4.0/gems/rake-12.0.0/exe" />
      </SOURCES>
    </library>
    <library name="rb-readline (v0.5.5, ruby-2.4.3-p205) [gem]">
      <CLASSES>
        <root url="file://$USER_HOME$/.rbenv/versions/2.4.3/lib/ruby/gems/2.4.0/gems/rb-readline-0.5.5/bench" />
        <root url="file://$USER_HOME$/.rbenv/versions/2.4.3/lib/ruby/gems/2.4.0/gems/rb-readline-0.5.5/lib" />
      </CLASSES>
      <JAVADOC />
      <SOURCES>
        <root url="file://$USER_HOME$/.rbenv/versions/2.4.3/lib/ruby/gems/2.4.0/gems/rb-readline-0.5.5/bench" />
        <root url="file://$USER_HOME$/.rbenv/versions/2.4.3/lib/ruby/gems/2.4.0/gems/rb-readline-0.5.5/lib" />
      </SOURCES>
    </library>
    <library name="rdoc (v5.0.0, ruby-2.4.3-p205) [gem]">
      <CLASSES>
        <root url="file://$USER_HOME$/.rbenv/versions/2.4.3/lib/ruby/2.4.0/rdoc/markup" />
        <root url="file://$USER_HOME$/.rbenv/versions/2.4.3/lib/ruby/2.4.0/rdoc/i18n" />
        <root url="file://$USER_HOME$/.rbenv/versions/2.4.3/lib/ruby/2.4.0/rdoc/generator" />
        <root url="file://$USER_HOME$/.rbenv/versions/2.4.3/lib/ruby/2.4.0/rdoc/parser" />
        <root url="file://$USER_HOME$/.rbenv/versions/2.4.3/lib/ruby/2.4.0/rdoc/ri" />
        <root url="file://$USER_HOME$/.rbenv/versions/2.4.3/lib/ruby/2.4.0/rdoc/stats" />
        <root url="file://$USER_HOME$/.rbenv/versions/2.4.3/lib/ruby/2.4.0/rdoc/rd" />
        <root url="file://$USER_HOME$/.rbenv/versions/2.4.3/lib/ruby/2.4.0/rdoc/context" />
        <root url="file://$USER_HOME$/.rbenv/versions/2.4.3/lib/ruby/2.4.0/rdoc/markdown" />
      </CLASSES>
      <JAVADOC />
      <SOURCES>
        <root url="file://$USER_HOME$/.rbenv/versions/2.4.3/lib/ruby/2.4.0/rdoc/markup" />
        <root url="file://$USER_HOME$/.rbenv/versions/2.4.3/lib/ruby/2.4.0/rdoc/i18n" />
        <root url="file://$USER_HOME$/.rbenv/versions/2.4.3/lib/ruby/2.4.0/rdoc/generator" />
        <root url="file://$USER_HOME$/.rbenv/versions/2.4.3/lib/ruby/2.4.0/rdoc/parser" />
        <root url="file://$USER_HOME$/.rbenv/versions/2.4.3/lib/ruby/2.4.0/rdoc/ri" />
        <root url="file://$USER_HOME$/.rbenv/versions/2.4.3/lib/ruby/2.4.0/rdoc/stats" />
        <root url="file://$USER_HOME$/.rbenv/versions/2.4.3/lib/ruby/2.4.0/rdoc/rd" />
        <root url="file://$USER_HOME$/.rbenv/versions/2.4.3/lib/ruby/2.4.0/rdoc/context" />
        <root url="file://$USER_HOME$/.rbenv/versions/2.4.3/lib/ruby/2.4.0/rdoc/markdown" />
      </SOURCES>
    </library>
    <library name="redis (v4.0.1, ruby-2.4.3-p205) [gem]">
      <CLASSES>
        <root url="file://$USER_HOME$/.rbenv/versions/2.4.3/lib/ruby/gems/2.4.0/gems/redis-4.0.1/benchmarking" />
        <root url="file://$USER_HOME$/.rbenv/versions/2.4.3/lib/ruby/gems/2.4.0/gems/redis-4.0.1/.travis" />
        <root url="file://$USER_HOME$/.rbenv/versions/2.4.3/lib/ruby/gems/2.4.0/gems/redis-4.0.1/lib" />
      </CLASSES>
      <JAVADOC />
      <SOURCES>
        <root url="file://$USER_HOME$/.rbenv/versions/2.4.3/lib/ruby/gems/2.4.0/gems/redis-4.0.1/benchmarking" />
        <root url="file://$USER_HOME$/.rbenv/versions/2.4.3/lib/ruby/gems/2.4.0/gems/redis-4.0.1/.travis" />
        <root url="file://$USER_HOME$/.rbenv/versions/2.4.3/lib/ruby/gems/2.4.0/gems/redis-4.0.1/lib" />
      </SOURCES>
    </library>
    <library name="redis-namespace (v1.6.0, ruby-2.4.3-p205) [gem]">
      <CLASSES>
        <root url="file://$USER_HOME$/.rbenv/versions/2.4.3/lib/ruby/gems/2.4.0/gems/redis-namespace-1.6.0/lib" />
      </CLASSES>
      <JAVADOC />
      <SOURCES>
        <root url="file://$USER_HOME$/.rbenv/versions/2.4.3/lib/ruby/gems/2.4.0/gems/redis-namespace-1.6.0/lib" />
      </SOURCES>
    </library>
    <library name="scala-sdk-2.12.6">
      <CLASSES>
        <root url="jar://$USER_HOME$/.ivy2/cache/org.scala-lang/scala-library/jars/scala-library-2.12.6.jar!/" />
        <root url="jar://$USER_HOME$/.ivy2/cache/org.scala-lang/scala-reflect/jars/scala-reflect-2.12.6.jar!/" />
        <root url="jar://$USER_HOME$/.ivy2/cache/org.scala-lang/scala-library/srcs/scala-library-2.12.6-sources.jar!/" />
        <root url="jar://$USER_HOME$/.ivy2/cache/org.scala-lang/scala-reflect/srcs/scala-reflect-2.12.6-sources.jar!/" />
      </CLASSES>
      <JAVADOC />
      <SOURCES />
    </library>
    <library name="terminal-table (v1.8.0, ruby-2.4.3-p205) [gem]">
      <CLASSES>
        <root url="file://$USER_HOME$/.rbenv/versions/2.4.3/lib/ruby/gems/2.4.0/gems/terminal-table-1.8.0/lib" />
      </CLASSES>
      <JAVADOC />
      <SOURCES>
        <root url="file://$USER_HOME$/.rbenv/versions/2.4.3/lib/ruby/gems/2.4.0/gems/terminal-table-1.8.0/lib" />
      </SOURCES>
    </library>
    <library name="test-unit (v3.2.3, ruby-2.4.3-p205) [gem]">
      <CLASSES>
        <root url="file://$USER_HOME$/.rbenv/versions/2.4.3/lib/ruby/gems/2.4.0/gems/test-unit-3.2.3/sample" />
        <root url="file://$USER_HOME$/.rbenv/versions/2.4.3/lib/ruby/gems/2.4.0/gems/test-unit-3.2.3/lib" />
      </CLASSES>
      <JAVADOC />
      <SOURCES>
        <root url="file://$USER_HOME$/.rbenv/versions/2.4.3/lib/ruby/gems/2.4.0/gems/test-unit-3.2.3/sample" />
        <root url="file://$USER_HOME$/.rbenv/versions/2.4.3/lib/ruby/gems/2.4.0/gems/test-unit-3.2.3/lib" />
      </SOURCES>
    </library>
    <library name="thor (v0.20.0, ruby-2.4.3-p205) [gem]">
      <CLASSES>
        <root url="file://$USER_HOME$/.rbenv/versions/2.4.3/lib/ruby/gems/2.4.0/gems/thor-0.20.0/lib" />
        <root url="file://$USER_HOME$/.rbenv/versions/2.4.3/lib/ruby/gems/2.4.0/gems/thor-0.20.0/bin" />
      </CLASSES>
      <JAVADOC />
      <SOURCES>
        <root url="file://$USER_HOME$/.rbenv/versions/2.4.3/lib/ruby/gems/2.4.0/gems/thor-0.20.0/lib" />
        <root url="file://$USER_HOME$/.rbenv/versions/2.4.3/lib/ruby/gems/2.4.0/gems/thor-0.20.0/bin" />
      </SOURCES>
    </library>
    <library name="unicode-display_width (v1.3.0, ruby-2.4.3-p205) [gem]">
      <CLASSES>
        <root url="file://$USER_HOME$/.rbenv/versions/2.4.3/lib/ruby/gems/2.4.0/gems/unicode-display_width-1.3.0/lib" />
        <root url="file://$USER_HOME$/.rbenv/versions/2.4.3/lib/ruby/gems/2.4.0/gems/unicode-display_width-1.3.0/data" />
      </CLASSES>
      <JAVADOC />
      <SOURCES>
        <root url="file://$USER_HOME$/.rbenv/versions/2.4.3/lib/ruby/gems/2.4.0/gems/unicode-display_width-1.3.0/lib" />
        <root url="file://$USER_HOME$/.rbenv/versions/2.4.3/lib/ruby/gems/2.4.0/gems/unicode-display_width-1.3.0/data" />
      </SOURCES>
    </library>
    <library name="url_mount (v0.2.1, ruby-2.4.3-p205) [gem]">
      <CLASSES>
        <root url="file://$USER_HOME$/.rbenv/versions/2.4.3/lib/ruby/gems/2.4.0/gems/url_mount-0.2.1/lib" />
        <root url="file://$USER_HOME$/.rbenv/versions/2.4.3/lib/ruby/gems/2.4.0/gems/url_mount-0.2.1/pkg" />
      </CLASSES>
      <JAVADOC />
      <SOURCES>
        <root url="file://$USER_HOME$/.rbenv/versions/2.4.3/lib/ruby/gems/2.4.0/gems/url_mount-0.2.1/lib" />
        <root url="file://$USER_HOME$/.rbenv/versions/2.4.3/lib/ruby/gems/2.4.0/gems/url_mount-0.2.1/pkg" />
      </SOURCES>
    </library>
    <library name="websocket-driver (v0.7.0, ruby-2.4.3-p205) [gem]">
      <CLASSES>
        <root url="file://$USER_HOME$/.rbenv/versions/2.4.3/lib/ruby/gems/2.4.0/gems/websocket-driver-0.7.0/lib" />
        <root url="file://$USER_HOME$/.rbenv/versions/2.4.3/lib/ruby/gems/2.4.0/gems/websocket-driver-0.7.0/ext" />
      </CLASSES>
      <JAVADOC />
      <SOURCES>
        <root url="file://$USER_HOME$/.rbenv/versions/2.4.3/lib/ruby/gems/2.4.0/gems/websocket-driver-0.7.0/lib" />
        <root url="file://$USER_HOME$/.rbenv/versions/2.4.3/lib/ruby/gems/2.4.0/gems/websocket-driver-0.7.0/ext" />
      </SOURCES>
    </library>
    <library name="websocket-extensions (v0.1.3, ruby-2.4.3-p205) [gem]">
      <CLASSES>
        <root url="file://$USER_HOME$/.rbenv/versions/2.4.3/lib/ruby/gems/2.4.0/gems/websocket-extensions-0.1.3/lib" />
      </CLASSES>
      <JAVADOC />
      <SOURCES>
        <root url="file://$USER_HOME$/.rbenv/versions/2.4.3/lib/ruby/gems/2.4.0/gems/websocket-extensions-0.1.3/lib" />
      </SOURCES>
    </library>
    <library name="xmlrpc (v0.2.1, ruby-2.4.3-p205) [gem]">
      <CLASSES>
        <root url="file://$USER_HOME$/.rbenv/versions/2.4.3/lib/ruby/gems/2.4.0/gems/xmlrpc-0.2.1/lib" />
        <root url="file://$USER_HOME$/.rbenv/versions/2.4.3/lib/ruby/gems/2.4.0/gems/xmlrpc-0.2.1/bin" />
      </CLASSES>
      <JAVADOC />
      <SOURCES>
        <root url="file://$USER_HOME$/.rbenv/versions/2.4.3/lib/ruby/gems/2.4.0/gems/xmlrpc-0.2.1/lib" />
        <root url="file://$USER_HOME$/.rbenv/versions/2.4.3/lib/ruby/gems/2.4.0/gems/xmlrpc-0.2.1/bin" />
      </SOURCES>
    </library>
  </component>
</application>