<application>
  <component name="FileTypeManager" version="17">
    <extensionMap>
      <mapping ext="pks" type="DBN-PSQL" />
      <mapping ext="tpe" type="DBN-PSQL" />
      <mapping ext="tps" type="DBN-PSQL" />
      <mapping ext="trg" type="DBN-PSQL" />
      <mapping ext="prc" type="DBN-PSQL" />
      <mapping ext="fnc" type="DBN-PSQL" />
      <mapping ext="tpb" type="DBN-PSQL" />
      <mapping ext="pkg" type="DBN-PSQL" />
      <mapping ext="pkb" type="DBN-PSQL" />
      <mapping ext="vw" type="DBN-SQL" />
      <mapping pattern="deploy_env_stg_mode_measurement" type="PLAIN_TEXT" />
      <mapping pattern="o-ucchino" type="PLAIN_TEXT" />
      <mapping pattern="native_video.yaml" type="PLAIN_TEXT" />
      <mapping pattern="deploy_env_rule_mode_delivery" type="PLAIN_TEXT" />
      <mapping pattern="README" type="PLAIN_TEXT" />
      <mapping pattern="deploy_env_stg_mode_delivery" type="PLAIN_TEXT" />
      <mapping pattern="athome_confirm" type="PLAIN_TEXT" />
      <mapping pattern="deploy_env_prd_mode_delivery" type="PLAIN_TEXT" />
      <mapping pattern="lambda" type="PLAIN_TEXT" />
      <mapping pattern="deploy_env_notag" type="PLAIN_TEXT" />
      <mapping pattern=".targets" type="PLAIN_TEXT" />
      <mapping pattern=".dockerignore" type="PLAIN_TEXT" />
      <mapping pattern="banner_oa_bidswitch.yaml" type="PLAIN_TEXT" />
      <mapping pattern="deploy_env_prd_mode_measurement" type="PLAIN_TEXT" />
      <mapping pattern="suumo_address_confirm" type="PLAIN_TEXT" />
      <mapping ext="gotmpl" type="PLAIN_TEXT" />
      <mapping ext="tmpl" type="PLAIN_TEXT" />
    </extensionMap>
  </component>
</application>