<application>
  <component name="ProjectJdkTable">
    <jdk version="2">
      <name value="1.8" />
      <type value="JavaSDK" />
      <version value="java version &quot;1.8.0_144&quot;" />
      <homePath value="/Library/Java/JavaVirtualMachines/jdk1.8.0_144.jdk/Contents/Home" />
      <roots>
        <annotationsPath>
          <root type="composite">
            <root url="jar://$APPLICATION_HOME_DIR$/lib/jdkAnnotations.jar!/" type="simple" />
          </root>
        </annotationsPath>
        <classPath>
          <root type="composite">
            <root url="jar:///Library/Java/JavaVirtualMachines/jdk1.8.0_144.jdk/Contents/Home/jre/lib/charsets.jar!/" type="simple" />
            <root url="jar:///Library/Java/JavaVirtualMachines/jdk1.8.0_144.jdk/Contents/Home/jre/lib/deploy.jar!/" type="simple" />
            <root url="jar:///Library/Java/JavaVirtualMachines/jdk1.8.0_144.jdk/Contents/Home/jre/lib/ext/cldrdata.jar!/" type="simple" />
            <root url="jar:///Library/Java/JavaVirtualMachines/jdk1.8.0_144.jdk/Contents/Home/jre/lib/ext/dnsns.jar!/" type="simple" />
            <root url="jar:///Library/Java/JavaVirtualMachines/jdk1.8.0_144.jdk/Contents/Home/jre/lib/ext/jaccess.jar!/" type="simple" />
            <root url="jar:///Library/Java/JavaVirtualMachines/jdk1.8.0_144.jdk/Contents/Home/jre/lib/ext/jfxrt.jar!/" type="simple" />
            <root url="jar:///Library/Java/JavaVirtualMachines/jdk1.8.0_144.jdk/Contents/Home/jre/lib/ext/localedata.jar!/" type="simple" />
            <root url="jar:///Library/Java/JavaVirtualMachines/jdk1.8.0_144.jdk/Contents/Home/jre/lib/ext/nashorn.jar!/" type="simple" />
            <root url="jar:///Library/Java/JavaVirtualMachines/jdk1.8.0_144.jdk/Contents/Home/jre/lib/ext/sunec.jar!/" type="simple" />
            <root url="jar:///Library/Java/JavaVirtualMachines/jdk1.8.0_144.jdk/Contents/Home/jre/lib/ext/sunjce_provider.jar!/" type="simple" />
            <root url="jar:///Library/Java/JavaVirtualMachines/jdk1.8.0_144.jdk/Contents/Home/jre/lib/ext/sunpkcs11.jar!/" type="simple" />
            <root url="jar:///Library/Java/JavaVirtualMachines/jdk1.8.0_144.jdk/Contents/Home/jre/lib/ext/zipfs.jar!/" type="simple" />
            <root url="jar:///Library/Java/JavaVirtualMachines/jdk1.8.0_144.jdk/Contents/Home/jre/lib/javaws.jar!/" type="simple" />
            <root url="jar:///Library/Java/JavaVirtualMachines/jdk1.8.0_144.jdk/Contents/Home/jre/lib/jce.jar!/" type="simple" />
            <root url="jar:///Library/Java/JavaVirtualMachines/jdk1.8.0_144.jdk/Contents/Home/jre/lib/jfr.jar!/" type="simple" />
            <root url="jar:///Library/Java/JavaVirtualMachines/jdk1.8.0_144.jdk/Contents/Home/jre/lib/jfxswt.jar!/" type="simple" />
            <root url="jar:///Library/Java/JavaVirtualMachines/jdk1.8.0_144.jdk/Contents/Home/jre/lib/jsse.jar!/" type="simple" />
            <root url="jar:///Library/Java/JavaVirtualMachines/jdk1.8.0_144.jdk/Contents/Home/jre/lib/management-agent.jar!/" type="simple" />
            <root url="jar:///Library/Java/JavaVirtualMachines/jdk1.8.0_144.jdk/Contents/Home/jre/lib/plugin.jar!/" type="simple" />
            <root url="jar:///Library/Java/JavaVirtualMachines/jdk1.8.0_144.jdk/Contents/Home/jre/lib/resources.jar!/" type="simple" />
            <root url="jar:///Library/Java/JavaVirtualMachines/jdk1.8.0_144.jdk/Contents/Home/jre/lib/rt.jar!/" type="simple" />
            <root url="jar:///Library/Java/JavaVirtualMachines/jdk1.8.0_144.jdk/Contents/Home/lib/ant-javafx.jar!/" type="simple" />
            <root url="jar:///Library/Java/JavaVirtualMachines/jdk1.8.0_144.jdk/Contents/Home/lib/dt.jar!/" type="simple" />
            <root url="jar:///Library/Java/JavaVirtualMachines/jdk1.8.0_144.jdk/Contents/Home/lib/javafx-mx.jar!/" type="simple" />
            <root url="jar:///Library/Java/JavaVirtualMachines/jdk1.8.0_144.jdk/Contents/Home/lib/jconsole.jar!/" type="simple" />
            <root url="jar:///Library/Java/JavaVirtualMachines/jdk1.8.0_144.jdk/Contents/Home/lib/packager.jar!/" type="simple" />
            <root url="jar:///Library/Java/JavaVirtualMachines/jdk1.8.0_144.jdk/Contents/Home/lib/sa-jdi.jar!/" type="simple" />
            <root url="jar:///Library/Java/JavaVirtualMachines/jdk1.8.0_144.jdk/Contents/Home/lib/tools.jar!/" type="simple" />
          </root>
        </classPath>
        <javadocPath>
          <root type="composite" />
        </javadocPath>
        <sourcePath>
          <root type="composite">
            <root url="jar:///Library/Java/JavaVirtualMachines/jdk1.8.0_144.jdk/Contents/Home/src.zip!/" type="simple" />
            <root url="jar:///Library/Java/JavaVirtualMachines/jdk1.8.0_144.jdk/Contents/Home/javafx-src.zip!/" type="simple" />
          </root>
        </sourcePath>
      </roots>
      <additional />
    </jdk>
    <jdk version="2">
      <name value="1.6" />
      <type value="JavaSDK" />
      <homePath value="/System/Library/Java/JavaVirtualMachines/1.6.0.jdk/Contents/Home" />
      <roots>
        <annotationsPath>
          <root type="composite">
            <root url="jar://$APPLICATION_HOME_DIR$/lib/jdkAnnotations.jar!/" type="simple" />
          </root>
        </annotationsPath>
        <classPath>
          <root type="composite" />
        </classPath>
        <javadocPath>
          <root type="composite">
            <root url="http://docs.oracle.com/javase/6/docs/api/" type="simple" />
          </root>
        </javadocPath>
        <sourcePath>
          <root type="composite" />
        </sourcePath>
      </roots>
      <additional />
    </jdk>
    <jdk version="2">
      <name value="Python 3.6 (genisys-intothestorm-neo)" />
      <type value="Python SDK" />
      <version value="Python 3.6.3" />
      <homePath value="$USER_HOME$/.pyenv/shims/python3" />
      <roots>
        <annotationsPath>
          <root type="composite" />
        </annotationsPath>
        <classPath>
          <root type="composite">
            <root url="file://$USER_HOME$/.pyenv/versions/3.6.3/lib/python3.6" type="simple" />
            <root url="file://$USER_HOME$/.pyenv/versions/3.6.3/lib/python3.6/lib-dynload" type="simple" />
            <root url="file://$USER_HOME$/.local/lib/python3.6/site-packages" type="simple" />
            <root url="file://$USER_HOME$/.pyenv/versions/3.6.3/lib/python3.6/site-packages" type="simple" />
            <root url="file://$USER_HOME$/Library/Caches/IntelliJIdea2019.1/python_stubs/-1591097138" type="simple" />
            <root url="file://$APPLICATION_PLUGINS_DIR$/python/helpers/python-skeletons" type="simple" />
            <root url="file://$APPLICATION_PLUGINS_DIR$/python/helpers/typeshed/stdlib/3" type="simple" />
            <root url="file://$APPLICATION_PLUGINS_DIR$/python/helpers/typeshed/stdlib/2and3" type="simple" />
            <root url="file://$APPLICATION_PLUGINS_DIR$/python/helpers/typeshed/third_party/3" type="simple" />
            <root url="file://$APPLICATION_PLUGINS_DIR$/python/helpers/typeshed/third_party/2and3" type="simple" />
          </root>
        </classPath>
        <javadocPath>
          <root type="composite" />
        </javadocPath>
        <sourcePath>
          <root type="composite" />
        </sourcePath>
      </roots>
      <additional />
    </jdk>
    <jdk version="2">
      <name value="rbenv: 2.4.3" />
      <type value="RUBY_SDK" />
      <version value="ver.2.4.3p205 ( revision 61247) p205" />
      <homePath value="$USER_HOME$/.rbenv/versions/2.4.3/bin/ruby" />
      <roots>
        <annotationsPath>
          <root type="composite" />
        </annotationsPath>
        <classPath>
          <root type="composite">
            <root url="file://$USER_HOME$/.rbenv/versions/2.4.3/lib/ruby/site_ruby/2.4.0" type="simple" />
            <root url="file://$USER_HOME$/.rbenv/versions/2.4.3/lib/ruby/site_ruby/2.4.0/x86_64-darwin15" type="simple" />
            <root url="file://$USER_HOME$/.rbenv/versions/2.4.3/lib/ruby/site_ruby" type="simple" />
            <root url="file://$USER_HOME$/.rbenv/versions/2.4.3/lib/ruby/vendor_ruby/2.4.0" type="simple" />
            <root url="file://$USER_HOME$/.rbenv/versions/2.4.3/lib/ruby/vendor_ruby/2.4.0/x86_64-darwin15" type="simple" />
            <root url="file://$USER_HOME$/.rbenv/versions/2.4.3/lib/ruby/vendor_ruby" type="simple" />
            <root url="file://$USER_HOME$/.rbenv/versions/2.4.3/lib/ruby/2.4.0" type="simple" />
            <root url="file://$USER_HOME$/.rbenv/versions/2.4.3/lib/ruby/2.4.0/x86_64-darwin15" type="simple" />
            <root url="file://$APPLICATION_PLUGINS_DIR$/ruby/rubystubs/rubystubs24" type="simple" />
          </root>
        </classPath>
        <javadocPath>
          <root type="composite" />
        </javadocPath>
        <sourcePath>
          <root type="composite">
            <root url="file://$USER_HOME$/.rbenv/versions/2.4.3/lib/ruby/site_ruby/2.4.0" type="simple" />
            <root url="file://$USER_HOME$/.rbenv/versions/2.4.3/lib/ruby/site_ruby/2.4.0/x86_64-darwin15" type="simple" />
            <root url="file://$USER_HOME$/.rbenv/versions/2.4.3/lib/ruby/site_ruby" type="simple" />
            <root url="file://$USER_HOME$/.rbenv/versions/2.4.3/lib/ruby/vendor_ruby/2.4.0" type="simple" />
            <root url="file://$USER_HOME$/.rbenv/versions/2.4.3/lib/ruby/vendor_ruby/2.4.0/x86_64-darwin15" type="simple" />
            <root url="file://$USER_HOME$/.rbenv/versions/2.4.3/lib/ruby/vendor_ruby" type="simple" />
            <root url="file://$USER_HOME$/.rbenv/versions/2.4.3/lib/ruby/2.4.0" type="simple" />
            <root url="file://$USER_HOME$/.rbenv/versions/2.4.3/lib/ruby/2.4.0/x86_64-darwin15" type="simple" />
            <root url="file://$APPLICATION_PLUGINS_DIR$/ruby/rubystubs/rubystubs24" type="simple" />
          </root>
        </sourcePath>
      </roots>
      <additional NORMALIZED_VERSION_STRING="ver.2.4.3p205 ( revision 61247) p205" version="1" GEMS_BIN_DIR_PATH="$USER_HOME$/.rbenv/versions/2.4.3/bin">
        <VERSION_MANAGER ID="rbenv">
          <option name="gemset-name" />
          <distribution-id>2.4.3</distribution-id>
          <version-manager-path>/usr/local/bin/rbenv</version-manager-path>
        </VERSION_MANAGER>
        <RbConfig>
          <item key="AR" value="ar" />
          <item key="ARFLAGS" value="rcu " />
          <item key="AS" value="as" />
          <item key="ASMEXT" value="S" />
          <item key="BUILTIN_TRANSSRCS" value=" enc/trans/newline.c" />
          <item key="CC" value="clang" />
          <item key="CCDLFLAGS" value="-fno-common" />
          <item key="CC_VERSION" value="clang --version" />
          <item key="CC_VERSION_MESSAGE" value="Apple LLVM version 8.0.0 (clang-800.0.42.1)&#10;Target: x86_64-apple-darwin15.6.0&#10;Thread model: posix&#10;InstalledDir: /Applications/Xcode.app/Contents/Developer/Toolchains/XcodeDefault.xctoolchain/usr/bin" />
          <item key="CFLAGS" value=" -O3 -Wno-error=shorten-64-to-32  -pipe" />
          <item key="CHDIR" value="cd -P" />
          <item key="CONFIGURE" value="configure" />
          <item key="COUTFLAG" value="-o " />
          <item key="CP" value="cp" />
          <item key="CPP" value="clang -E" />
          <item key="CPPFLAGS" value="-I/Users/a13887/.rbenv/versions/2.4.3/include  -D_XOPEN_SOURCE -D_DARWIN_C_SOURCE -D_DARWIN_UNLIMITED_SELECT -D_REENTRANT  " />
          <item key="CPPOUTFILE" value="-o conftest.i" />
          <item key="CROSS_COMPILING" value="no" />
          <item key="CXX" value="clang++" />
          <item key="CXXFLAGS" value="-O3 -fno-fast-math -ggdb3 -Wall -Wextra -Wno-unused-parameter -Wno-parentheses -Wno-long-long -Wno-missing-field-initializers -Wno-tautological-compare -Wno-parentheses-equality -Wno-constant-logical-operand -Wno-self-assign -Wunused-variable -Wimplicit-int -Wpointer-arith -Wwrite-strings -Wdeclaration-after-statement -Wshorten-64-to-32 -Wimplicit-function-declaration -Wdivision-by-zero -Wdeprecated-declarations -Wextra-tokens" />
          <item key="DLDFLAGS" value="-L/Users/a13887/.rbenv/versions/2.4.3/lib  -Wl,-undefined,dynamic_lookup -Wl,-multiply_defined,suppress" />
          <item key="DLEXT" value="bundle" />
          <item key="DLNOBJ" value="dln.o" />
          <item key="ECHO_C" value="\\c" />
          <item key="EGREP" value="/usr/bin/grep -E" />
          <item key="ENABLE_SHARED" value="no" />
          <item key="EXTOUT" value=".ext" />
          <item key="GCC" value="yes" />
          <item key="GNU_LD" value="no" />
          <item key="GREP" value="/usr/bin/grep" />
          <item key="INSTALL" value="/usr/local/bin/ginstall -c" />
          <item key="INSTALL_DATA" value="/usr/local/bin/ginstall -c -m 644" />
          <item key="INSTALL_PROGRAM" value="/usr/local/bin/ginstall -c" />
          <item key="INSTALL_SCRIPT" value="/usr/local/bin/ginstall -c" />
          <item key="INSTALL_STATIC_LIBRARY" value="yes" />
          <item key="LD" value="ld" />
          <item key="LDFLAGS" value="-L. -L/Users/a13887/.rbenv/versions/2.4.3/lib  -fstack-protector -L/usr/local/lib" />
          <item key="LDSHARED" value="clang -dynamic -bundle" />
          <item key="LDSHAREDXX" value="clang++ -dynamic -bundle" />
          <item key="LIBEXT" value="a" />
          <item key="LIBPATHENV" value="DYLD_LIBRARY_PATH" />
          <item key="LIBPATHFLAG" value=" -L%s" />
          <item key="LIBRUBY" value="libruby-static.a" />
          <item key="LIBRUBYARG" value="-lruby-static -framework CoreFoundation" />
          <item key="LIBRUBYARG_STATIC" value="-lruby-static -framework CoreFoundation" />
          <item key="LIBRUBY_A" value="libruby-static.a" />
          <item key="LIBRUBY_ALIASES" value="libruby.so" />
          <item key="LIBRUBY_RELATIVE" value="no" />
          <item key="LIBRUBY_SO" value="libruby.so.2.4.3" />
          <item key="LIBS" value="-lpthread -lgmp -ldl -lobjc" />
          <item key="LINK_SO" value="&#10;test -z '$(RUBY_CODESIGN)' || codesign -s '$(RUBY_CODESIGN)' -f $@" />
          <item key="LN_S" value="ln -s" />
          <item key="MAJOR" value="2" />
          <item key="MAKEDIRS" value="/usr/local/bin/gmkdir -p" />
          <item key="MAKEFILES" value="Makefile GNUmakefile" />
          <item key="MANTYPE" value="doc" />
          <item key="MINOR" value="4" />
          <item key="MKDIR_P" value="/usr/local/bin/gmkdir -p" />
          <item key="NM" value="nm" />
          <item key="NROFF" value="/usr/bin/nroff" />
          <item key="NULLCMD" value=":" />
          <item key="OBJCOPY" value=":" />
          <item key="OBJEXT" value="o" />
          <item key="OUTFLAG" value="-o " />
          <item key="PACKAGE" value="ruby" />
          <item key="PATCHLEVEL" value="205" />
          <item key="PATH_SEPARATOR" value=":" />
          <item key="PKG_CONFIG" value="pkg-config" />
          <item key="POSTLINK" value="test -z '$(RUBY_CODESIGN)' || codesign -s '$(RUBY_CODESIGN)' -f $@" />
          <item key="PRELOADENV" value="DYLD_INSERT_LIBRARIES" />
          <item key="PREP" value="miniruby ruby-runner" />
          <item key="RANLIB" value="ranlib" />
          <item key="RI_BASE_NAME" value="ri" />
          <item key="RM" value="rm -f" />
          <item key="RMALL" value="rm -fr" />
          <item key="RMDIR" value="rmdir" />
          <item key="RMDIRS" value="rmdir -p" />
          <item key="RUBYW_BASE_NAME" value="rubyw" />
          <item key="RUBY_BASE_NAME" value="ruby" />
          <item key="RUBY_EXEC_PREFIX" value="$USER_HOME$/.rbenv/versions/2.4.3" />
          <item key="RUBY_INSTALL_NAME" value="ruby" />
          <item key="RUBY_LIB_VERSION_STYLE" value="3&#9;/* full */" />
          <item key="RUBY_PROGRAM_VERSION" value="2.4.3" />
          <item key="RUBY_SO_NAME" value="ruby" />
          <item key="RUBY_VERSION_NAME" value="ruby-2.4.0" />
          <item key="SHELL" value="/bin/sh" />
          <item key="STRIP" value="strip -A -n" />
          <item key="SYMBOL_PREFIX" value="_" />
          <item key="TEENY" value="3" />
          <item key="TEST_RUNNABLE" value="yes" />
          <item key="THREAD_MODEL" value="pthread" />
          <item key="UNICODE_VERSION" value="9.0.0" />
          <item key="USE_RUBYGEMS" value="YES" />
          <item key="WERRORFLAG" value="-Werror" />
          <item key="arch" value="x86_64-darwin15" />
          <item key="archdir" value="$USER_HOME$/.rbenv/versions/2.4.3/lib/ruby/2.4.0/x86_64-darwin15" />
          <item key="archincludedir" value="$USER_HOME$/.rbenv/versions/2.4.3/include/x86_64-darwin15" />
          <item key="archlibdir" value="$USER_HOME$/.rbenv/versions/2.4.3/lib/x86_64-darwin15" />
          <item key="bindir" value="$USER_HOME$/.rbenv/versions/2.4.3/bin" />
          <item key="build" value="x86_64-apple-darwin15.6.0" />
          <item key="build_cpu" value="x86_64" />
          <item key="build_os" value="darwin15.6.0" />
          <item key="build_vendor" value="apple" />
          <item key="cflags" value="-O3 -fno-fast-math -ggdb3 -Wall -Wextra -Wno-unused-parameter -Wno-parentheses -Wno-long-long -Wno-missing-field-initializers -Wno-tautological-compare -Wno-parentheses-equality -Wno-constant-logical-operand -Wno-self-assign -Wunused-variable -Wimplicit-int -Wpointer-arith -Wwrite-strings -Wdeclaration-after-statement -Wshorten-64-to-32 -Wimplicit-function-declaration -Wdivision-by-zero -Wdeprecated-declarations -Wextra-tokens" />
          <item key="codesign" value="codesign" />
          <item key="configure_args" value=" '--prefix=/Users/a13887/.rbenv/versions/2.4.3' '--with-openssl-dir=/usr/local/opt/openssl' '--with-readline-dir=/usr/local/opt/readline' 'CC=clang' 'CFLAGS= -O3 -Wno-error=shorten-64-to-32 ' 'LDFLAGS=-L/Users/a13887/.rbenv/versions/2.4.3/lib ' 'CPPFLAGS=-I/Users/a13887/.rbenv/versions/2.4.3/include '" />
          <item key="cxxflags" value="-O3 -fno-fast-math -ggdb3 -Wall -Wextra -Wno-unused-parameter -Wno-parentheses -Wno-long-long -Wno-missing-field-initializers -Wno-tautological-compare -Wno-parentheses-equality -Wno-constant-logical-operand -Wno-self-assign -Wunused-variable -Wimplicit-int -Wpointer-arith -Wwrite-strings -Wdeclaration-after-statement -Wshorten-64-to-32 -Wimplicit-function-declaration -Wdivision-by-zero -Wdeprecated-declarations -Wextra-tokens" />
          <item key="datadir" value="$USER_HOME$/.rbenv/versions/2.4.3/share" />
          <item key="datarootdir" value="$USER_HOME$/.rbenv/versions/2.4.3/share" />
          <item key="debugflags" value="-ggdb3" />
          <item key="docdir" value="$USER_HOME$/.rbenv/versions/2.4.3/share/doc/ruby" />
          <item key="dvidir" value="$USER_HOME$/.rbenv/versions/2.4.3/share/doc/ruby" />
          <item key="exec" value="exec" />
          <item key="exec_prefix" value="$USER_HOME$/.rbenv/versions/2.4.3" />
          <item key="host" value="x86_64-apple-darwin15.6.0" />
          <item key="host_cpu" value="x86_64" />
          <item key="host_os" value="darwin15.6.0" />
          <item key="host_vendor" value="apple" />
          <item key="htmldir" value="$USER_HOME$/.rbenv/versions/2.4.3/share/doc/ruby" />
          <item key="includedir" value="$USER_HOME$/.rbenv/versions/2.4.3/include" />
          <item key="infodir" value="$USER_HOME$/.rbenv/versions/2.4.3/share/info" />
          <item key="libdir" value="$USER_HOME$/.rbenv/versions/2.4.3/lib" />
          <item key="libdirname" value="libdir" />
          <item key="libexecdir" value="$USER_HOME$/.rbenv/versions/2.4.3/libexec" />
          <item key="localedir" value="$USER_HOME$/.rbenv/versions/2.4.3/share/locale" />
          <item key="localstatedir" value="$USER_HOME$/.rbenv/versions/2.4.3/var" />
          <item key="mandir" value="$USER_HOME$/.rbenv/versions/2.4.3/share/man" />
          <item key="oldincludedir" value="/usr/include" />
          <item key="optflags" value="-O3 -fno-fast-math" />
          <item key="pdfdir" value="$USER_HOME$/.rbenv/versions/2.4.3/share/doc/ruby" />
          <item key="prefix" value="$USER_HOME$/.rbenv/versions/2.4.3" />
          <item key="psdir" value="$USER_HOME$/.rbenv/versions/2.4.3/share/doc/ruby" />
          <item key="ridir" value="$USER_HOME$/.rbenv/versions/2.4.3/share/ri" />
          <item key="ruby_install_name" value="ruby" />
          <item key="ruby_pc" value="ruby-2.4.pc" />
          <item key="ruby_version" value="2.4.0" />
          <item key="rubyarchdir" value="$USER_HOME$/.rbenv/versions/2.4.3/lib/ruby/2.4.0/x86_64-darwin15" />
          <item key="rubyarchhdrdir" value="$USER_HOME$/.rbenv/versions/2.4.3/include/ruby-2.4.0/x86_64-darwin15" />
          <item key="rubyarchprefix" value="$USER_HOME$/.rbenv/versions/2.4.3/lib/ruby/x86_64-darwin15" />
          <item key="rubyhdrdir" value="$USER_HOME$/.rbenv/versions/2.4.3/include/ruby-2.4.0" />
          <item key="rubylibdir" value="$USER_HOME$/.rbenv/versions/2.4.3/lib/ruby/2.4.0" />
          <item key="rubylibprefix" value="$USER_HOME$/.rbenv/versions/2.4.3/lib/ruby" />
          <item key="rubysitearchprefix" value="$USER_HOME$/.rbenv/versions/2.4.3/lib/ruby/x86_64-darwin15" />
          <item key="sbindir" value="$USER_HOME$/.rbenv/versions/2.4.3/sbin" />
          <item key="setup" value="Setup" />
          <item key="sharedstatedir" value="$USER_HOME$/.rbenv/versions/2.4.3/com" />
          <item key="sitearch" value="x86_64-darwin15" />
          <item key="sitearchdir" value="$USER_HOME$/.rbenv/versions/2.4.3/lib/ruby/site_ruby/2.4.0/x86_64-darwin15" />
          <item key="sitearchhdrdir" value="$USER_HOME$/.rbenv/versions/2.4.3/include/ruby-2.4.0/site_ruby/x86_64-darwin15" />
          <item key="sitearchincludedir" value="$USER_HOME$/.rbenv/versions/2.4.3/include/x86_64-darwin15" />
          <item key="sitearchlibdir" value="$USER_HOME$/.rbenv/versions/2.4.3/lib/x86_64-darwin15" />
          <item key="sitedir" value="$USER_HOME$/.rbenv/versions/2.4.3/lib/ruby/site_ruby" />
          <item key="sitehdrdir" value="$USER_HOME$/.rbenv/versions/2.4.3/include/ruby-2.4.0/site_ruby" />
          <item key="sitelibdir" value="$USER_HOME$/.rbenv/versions/2.4.3/lib/ruby/site_ruby/2.4.0" />
          <item key="sysconfdir" value="$USER_HOME$/.rbenv/versions/2.4.3/etc" />
          <item key="target" value="x86_64-apple-darwin15" />
          <item key="target_cpu" value="x86_64" />
          <item key="target_os" value="darwin15" />
          <item key="target_vendor" value="apple" />
          <item key="topdir" value="$USER_HOME$/.rbenv/versions/2.4.3/lib/ruby/2.4.0/x86_64-darwin15" />
          <item key="vendorarchdir" value="$USER_HOME$/.rbenv/versions/2.4.3/lib/ruby/vendor_ruby/2.4.0/x86_64-darwin15" />
          <item key="vendorarchhdrdir" value="$USER_HOME$/.rbenv/versions/2.4.3/include/ruby-2.4.0/vendor_ruby/x86_64-darwin15" />
          <item key="vendordir" value="$USER_HOME$/.rbenv/versions/2.4.3/lib/ruby/vendor_ruby" />
          <item key="vendorhdrdir" value="$USER_HOME$/.rbenv/versions/2.4.3/include/ruby-2.4.0/vendor_ruby" />
          <item key="vendorlibdir" value="$USER_HOME$/.rbenv/versions/2.4.3/lib/ruby/vendor_ruby/2.4.0" />
          <item key="warnflags" value="-Wall -Wextra -Wno-unused-parameter -Wno-parentheses -Wno-long-long -Wno-missing-field-initializers -Wno-tautological-compare -Wno-parentheses-equality -Wno-constant-logical-operand -Wno-self-assign -Wunused-variable -Wimplicit-int -Wpointer-arith -Wwrite-strings -Wdeclaration-after-statement -Wshorten-64-to-32 -Wimplicit-function-declaration -Wdivision-by-zero -Wdeprecated-declarations -Wextra-tokens" />
        </RbConfig>
      </additional>
    </jdk>
    <jdk version="2">
      <name value="rbenv: 2.4.3" />
      <type value="RUBY_SDK" />
      <version value="ver.2.4.3p205 ( revision 61247) p205" />
      <homePath value="$USER_HOME$/.rbenv/versions/2.4.3/bin/ruby" />
      <roots>
        <annotationsPath>
          <root type="composite" />
        </annotationsPath>
        <classPath>
          <root type="composite">
            <root url="file://$USER_HOME$/.rbenv/versions/2.4.3/lib/ruby/site_ruby/2.4.0" type="simple" />
            <root url="file://$USER_HOME$/.rbenv/versions/2.4.3/lib/ruby/site_ruby/2.4.0/x86_64-darwin15" type="simple" />
            <root url="file://$USER_HOME$/.rbenv/versions/2.4.3/lib/ruby/site_ruby" type="simple" />
            <root url="file://$USER_HOME$/.rbenv/versions/2.4.3/lib/ruby/vendor_ruby/2.4.0" type="simple" />
            <root url="file://$USER_HOME$/.rbenv/versions/2.4.3/lib/ruby/vendor_ruby/2.4.0/x86_64-darwin15" type="simple" />
            <root url="file://$USER_HOME$/.rbenv/versions/2.4.3/lib/ruby/vendor_ruby" type="simple" />
            <root url="file://$USER_HOME$/.rbenv/versions/2.4.3/lib/ruby/2.4.0" type="simple" />
            <root url="file://$USER_HOME$/.rbenv/versions/2.4.3/lib/ruby/2.4.0/x86_64-darwin15" type="simple" />
            <root url="file://$APPLICATION_PLUGINS_DIR$/ruby/rubystubs/rubystubs24" type="simple" />
          </root>
        </classPath>
        <javadocPath>
          <root type="composite" />
        </javadocPath>
        <sourcePath>
          <root type="composite">
            <root url="file://$USER_HOME$/.rbenv/versions/2.4.3/lib/ruby/site_ruby/2.4.0" type="simple" />
            <root url="file://$USER_HOME$/.rbenv/versions/2.4.3/lib/ruby/site_ruby/2.4.0/x86_64-darwin15" type="simple" />
            <root url="file://$USER_HOME$/.rbenv/versions/2.4.3/lib/ruby/site_ruby" type="simple" />
            <root url="file://$USER_HOME$/.rbenv/versions/2.4.3/lib/ruby/vendor_ruby/2.4.0" type="simple" />
            <root url="file://$USER_HOME$/.rbenv/versions/2.4.3/lib/ruby/vendor_ruby/2.4.0/x86_64-darwin15" type="simple" />
            <root url="file://$USER_HOME$/.rbenv/versions/2.4.3/lib/ruby/vendor_ruby" type="simple" />
            <root url="file://$USER_HOME$/.rbenv/versions/2.4.3/lib/ruby/2.4.0" type="simple" />
            <root url="file://$USER_HOME$/.rbenv/versions/2.4.3/lib/ruby/2.4.0/x86_64-darwin15" type="simple" />
            <root url="file://$APPLICATION_PLUGINS_DIR$/ruby/rubystubs/rubystubs24" type="simple" />
          </root>
        </sourcePath>
      </roots>
      <additional NORMALIZED_VERSION_STRING="ver.2.4.3p205 ( revision 61247) p205" version="1" GEMS_BIN_DIR_PATH="$USER_HOME$/.rbenv/versions/2.4.3/bin">
        <VERSION_MANAGER ID="rbenv">
          <option name="gemset-name" />
          <distribution-id>2.4.3</distribution-id>
          <version-manager-path>/usr/local/bin/rbenv</version-manager-path>
        </VERSION_MANAGER>
        <RbConfig>
          <item key="AR" value="ar" />
          <item key="ARFLAGS" value="rcu " />
          <item key="AS" value="as" />
          <item key="ASMEXT" value="S" />
          <item key="BUILTIN_TRANSSRCS" value=" enc/trans/newline.c" />
          <item key="CC" value="clang" />
          <item key="CCDLFLAGS" value="-fno-common" />
          <item key="CC_VERSION" value="clang --version" />
          <item key="CC_VERSION_MESSAGE" value="Apple LLVM version 8.0.0 (clang-800.0.42.1)&#10;Target: x86_64-apple-darwin15.6.0&#10;Thread model: posix&#10;InstalledDir: /Applications/Xcode.app/Contents/Developer/Toolchains/XcodeDefault.xctoolchain/usr/bin" />
          <item key="CFLAGS" value=" -O3 -Wno-error=shorten-64-to-32  -pipe" />
          <item key="CHDIR" value="cd -P" />
          <item key="CONFIGURE" value="configure" />
          <item key="COUTFLAG" value="-o " />
          <item key="CP" value="cp" />
          <item key="CPP" value="clang -E" />
          <item key="CPPFLAGS" value="-I/Users/a13887/.rbenv/versions/2.4.3/include  -D_XOPEN_SOURCE -D_DARWIN_C_SOURCE -D_DARWIN_UNLIMITED_SELECT -D_REENTRANT  " />
          <item key="CPPOUTFILE" value="-o conftest.i" />
          <item key="CROSS_COMPILING" value="no" />
          <item key="CXX" value="clang++" />
          <item key="CXXFLAGS" value="-O3 -fno-fast-math -ggdb3 -Wall -Wextra -Wno-unused-parameter -Wno-parentheses -Wno-long-long -Wno-missing-field-initializers -Wno-tautological-compare -Wno-parentheses-equality -Wno-constant-logical-operand -Wno-self-assign -Wunused-variable -Wimplicit-int -Wpointer-arith -Wwrite-strings -Wdeclaration-after-statement -Wshorten-64-to-32 -Wimplicit-function-declaration -Wdivision-by-zero -Wdeprecated-declarations -Wextra-tokens" />
          <item key="DLDFLAGS" value="-L/Users/a13887/.rbenv/versions/2.4.3/lib  -Wl,-undefined,dynamic_lookup -Wl,-multiply_defined,suppress" />
          <item key="DLEXT" value="bundle" />
          <item key="DLNOBJ" value="dln.o" />
          <item key="ECHO_C" value="\\c" />
          <item key="EGREP" value="/usr/bin/grep -E" />
          <item key="ENABLE_SHARED" value="no" />
          <item key="EXTOUT" value=".ext" />
          <item key="GCC" value="yes" />
          <item key="GNU_LD" value="no" />
          <item key="GREP" value="/usr/bin/grep" />
          <item key="INSTALL" value="/usr/local/bin/ginstall -c" />
          <item key="INSTALL_DATA" value="/usr/local/bin/ginstall -c -m 644" />
          <item key="INSTALL_PROGRAM" value="/usr/local/bin/ginstall -c" />
          <item key="INSTALL_SCRIPT" value="/usr/local/bin/ginstall -c" />
          <item key="INSTALL_STATIC_LIBRARY" value="yes" />
          <item key="LD" value="ld" />
          <item key="LDFLAGS" value="-L. -L/Users/a13887/.rbenv/versions/2.4.3/lib  -fstack-protector -L/usr/local/lib" />
          <item key="LDSHARED" value="clang -dynamic -bundle" />
          <item key="LDSHAREDXX" value="clang++ -dynamic -bundle" />
          <item key="LIBEXT" value="a" />
          <item key="LIBPATHENV" value="DYLD_LIBRARY_PATH" />
          <item key="LIBPATHFLAG" value=" -L%s" />
          <item key="LIBRUBY" value="libruby-static.a" />
          <item key="LIBRUBYARG" value="-lruby-static -framework CoreFoundation" />
          <item key="LIBRUBYARG_STATIC" value="-lruby-static -framework CoreFoundation" />
          <item key="LIBRUBY_A" value="libruby-static.a" />
          <item key="LIBRUBY_ALIASES" value="libruby.so" />
          <item key="LIBRUBY_RELATIVE" value="no" />
          <item key="LIBRUBY_SO" value="libruby.so.2.4.3" />
          <item key="LIBS" value="-lpthread -lgmp -ldl -lobjc" />
          <item key="LINK_SO" value="&#10;test -z '$(RUBY_CODESIGN)' || codesign -s '$(RUBY_CODESIGN)' -f $@" />
          <item key="LN_S" value="ln -s" />
          <item key="MAJOR" value="2" />
          <item key="MAKEDIRS" value="/usr/local/bin/gmkdir -p" />
          <item key="MAKEFILES" value="Makefile GNUmakefile" />
          <item key="MANTYPE" value="doc" />
          <item key="MINOR" value="4" />
          <item key="MKDIR_P" value="/usr/local/bin/gmkdir -p" />
          <item key="NM" value="nm" />
          <item key="NROFF" value="/usr/bin/nroff" />
          <item key="NULLCMD" value=":" />
          <item key="OBJCOPY" value=":" />
          <item key="OBJEXT" value="o" />
          <item key="OUTFLAG" value="-o " />
          <item key="PACKAGE" value="ruby" />
          <item key="PATCHLEVEL" value="205" />
          <item key="PATH_SEPARATOR" value=":" />
          <item key="PKG_CONFIG" value="pkg-config" />
          <item key="POSTLINK" value="test -z '$(RUBY_CODESIGN)' || codesign -s '$(RUBY_CODESIGN)' -f $@" />
          <item key="PRELOADENV" value="DYLD_INSERT_LIBRARIES" />
          <item key="PREP" value="miniruby ruby-runner" />
          <item key="RANLIB" value="ranlib" />
          <item key="RI_BASE_NAME" value="ri" />
          <item key="RM" value="rm -f" />
          <item key="RMALL" value="rm -fr" />
          <item key="RMDIR" value="rmdir" />
          <item key="RMDIRS" value="rmdir -p" />
          <item key="RUBYW_BASE_NAME" value="rubyw" />
          <item key="RUBY_BASE_NAME" value="ruby" />
          <item key="RUBY_EXEC_PREFIX" value="$USER_HOME$/.rbenv/versions/2.4.3" />
          <item key="RUBY_INSTALL_NAME" value="ruby" />
          <item key="RUBY_LIB_VERSION_STYLE" value="3&#9;/* full */" />
          <item key="RUBY_PROGRAM_VERSION" value="2.4.3" />
          <item key="RUBY_SO_NAME" value="ruby" />
          <item key="RUBY_VERSION_NAME" value="ruby-2.4.0" />
          <item key="SHELL" value="/bin/sh" />
          <item key="STRIP" value="strip -A -n" />
          <item key="SYMBOL_PREFIX" value="_" />
          <item key="TEENY" value="3" />
          <item key="TEST_RUNNABLE" value="yes" />
          <item key="THREAD_MODEL" value="pthread" />
          <item key="UNICODE_VERSION" value="9.0.0" />
          <item key="USE_RUBYGEMS" value="YES" />
          <item key="WERRORFLAG" value="-Werror" />
          <item key="arch" value="x86_64-darwin15" />
          <item key="archdir" value="$USER_HOME$/.rbenv/versions/2.4.3/lib/ruby/2.4.0/x86_64-darwin15" />
          <item key="archincludedir" value="$USER_HOME$/.rbenv/versions/2.4.3/include/x86_64-darwin15" />
          <item key="archlibdir" value="$USER_HOME$/.rbenv/versions/2.4.3/lib/x86_64-darwin15" />
          <item key="bindir" value="$USER_HOME$/.rbenv/versions/2.4.3/bin" />
          <item key="build" value="x86_64-apple-darwin15.6.0" />
          <item key="build_cpu" value="x86_64" />
          <item key="build_os" value="darwin15.6.0" />
          <item key="build_vendor" value="apple" />
          <item key="cflags" value="-O3 -fno-fast-math -ggdb3 -Wall -Wextra -Wno-unused-parameter -Wno-parentheses -Wno-long-long -Wno-missing-field-initializers -Wno-tautological-compare -Wno-parentheses-equality -Wno-constant-logical-operand -Wno-self-assign -Wunused-variable -Wimplicit-int -Wpointer-arith -Wwrite-strings -Wdeclaration-after-statement -Wshorten-64-to-32 -Wimplicit-function-declaration -Wdivision-by-zero -Wdeprecated-declarations -Wextra-tokens" />
          <item key="codesign" value="codesign" />
          <item key="configure_args" value=" '--prefix=/Users/a13887/.rbenv/versions/2.4.3' '--with-openssl-dir=/usr/local/opt/openssl' '--with-readline-dir=/usr/local/opt/readline' 'CC=clang' 'CFLAGS= -O3 -Wno-error=shorten-64-to-32 ' 'LDFLAGS=-L/Users/a13887/.rbenv/versions/2.4.3/lib ' 'CPPFLAGS=-I/Users/a13887/.rbenv/versions/2.4.3/include '" />
          <item key="cxxflags" value="-O3 -fno-fast-math -ggdb3 -Wall -Wextra -Wno-unused-parameter -Wno-parentheses -Wno-long-long -Wno-missing-field-initializers -Wno-tautological-compare -Wno-parentheses-equality -Wno-constant-logical-operand -Wno-self-assign -Wunused-variable -Wimplicit-int -Wpointer-arith -Wwrite-strings -Wdeclaration-after-statement -Wshorten-64-to-32 -Wimplicit-function-declaration -Wdivision-by-zero -Wdeprecated-declarations -Wextra-tokens" />
          <item key="datadir" value="$USER_HOME$/.rbenv/versions/2.4.3/share" />
          <item key="datarootdir" value="$USER_HOME$/.rbenv/versions/2.4.3/share" />
          <item key="debugflags" value="-ggdb3" />
          <item key="docdir" value="$USER_HOME$/.rbenv/versions/2.4.3/share/doc/ruby" />
          <item key="dvidir" value="$USER_HOME$/.rbenv/versions/2.4.3/share/doc/ruby" />
          <item key="exec" value="exec" />
          <item key="exec_prefix" value="$USER_HOME$/.rbenv/versions/2.4.3" />
          <item key="host" value="x86_64-apple-darwin15.6.0" />
          <item key="host_cpu" value="x86_64" />
          <item key="host_os" value="darwin15.6.0" />
          <item key="host_vendor" value="apple" />
          <item key="htmldir" value="$USER_HOME$/.rbenv/versions/2.4.3/share/doc/ruby" />
          <item key="includedir" value="$USER_HOME$/.rbenv/versions/2.4.3/include" />
          <item key="infodir" value="$USER_HOME$/.rbenv/versions/2.4.3/share/info" />
          <item key="libdir" value="$USER_HOME$/.rbenv/versions/2.4.3/lib" />
          <item key="libdirname" value="libdir" />
          <item key="libexecdir" value="$USER_HOME$/.rbenv/versions/2.4.3/libexec" />
          <item key="localedir" value="$USER_HOME$/.rbenv/versions/2.4.3/share/locale" />
          <item key="localstatedir" value="$USER_HOME$/.rbenv/versions/2.4.3/var" />
          <item key="mandir" value="$USER_HOME$/.rbenv/versions/2.4.3/share/man" />
          <item key="oldincludedir" value="/usr/include" />
          <item key="optflags" value="-O3 -fno-fast-math" />
          <item key="pdfdir" value="$USER_HOME$/.rbenv/versions/2.4.3/share/doc/ruby" />
          <item key="prefix" value="$USER_HOME$/.rbenv/versions/2.4.3" />
          <item key="psdir" value="$USER_HOME$/.rbenv/versions/2.4.3/share/doc/ruby" />
          <item key="ridir" value="$USER_HOME$/.rbenv/versions/2.4.3/share/ri" />
          <item key="ruby_install_name" value="ruby" />
          <item key="ruby_pc" value="ruby-2.4.pc" />
          <item key="ruby_version" value="2.4.0" />
          <item key="rubyarchdir" value="$USER_HOME$/.rbenv/versions/2.4.3/lib/ruby/2.4.0/x86_64-darwin15" />
          <item key="rubyarchhdrdir" value="$USER_HOME$/.rbenv/versions/2.4.3/include/ruby-2.4.0/x86_64-darwin15" />
          <item key="rubyarchprefix" value="$USER_HOME$/.rbenv/versions/2.4.3/lib/ruby/x86_64-darwin15" />
          <item key="rubyhdrdir" value="$USER_HOME$/.rbenv/versions/2.4.3/include/ruby-2.4.0" />
          <item key="rubylibdir" value="$USER_HOME$/.rbenv/versions/2.4.3/lib/ruby/2.4.0" />
          <item key="rubylibprefix" value="$USER_HOME$/.rbenv/versions/2.4.3/lib/ruby" />
          <item key="rubysitearchprefix" value="$USER_HOME$/.rbenv/versions/2.4.3/lib/ruby/x86_64-darwin15" />
          <item key="sbindir" value="$USER_HOME$/.rbenv/versions/2.4.3/sbin" />
          <item key="setup" value="Setup" />
          <item key="sharedstatedir" value="$USER_HOME$/.rbenv/versions/2.4.3/com" />
          <item key="sitearch" value="x86_64-darwin15" />
          <item key="sitearchdir" value="$USER_HOME$/.rbenv/versions/2.4.3/lib/ruby/site_ruby/2.4.0/x86_64-darwin15" />
          <item key="sitearchhdrdir" value="$USER_HOME$/.rbenv/versions/2.4.3/include/ruby-2.4.0/site_ruby/x86_64-darwin15" />
          <item key="sitearchincludedir" value="$USER_HOME$/.rbenv/versions/2.4.3/include/x86_64-darwin15" />
          <item key="sitearchlibdir" value="$USER_HOME$/.rbenv/versions/2.4.3/lib/x86_64-darwin15" />
          <item key="sitedir" value="$USER_HOME$/.rbenv/versions/2.4.3/lib/ruby/site_ruby" />
          <item key="sitehdrdir" value="$USER_HOME$/.rbenv/versions/2.4.3/include/ruby-2.4.0/site_ruby" />
          <item key="sitelibdir" value="$USER_HOME$/.rbenv/versions/2.4.3/lib/ruby/site_ruby/2.4.0" />
          <item key="sysconfdir" value="$USER_HOME$/.rbenv/versions/2.4.3/etc" />
          <item key="target" value="x86_64-apple-darwin15" />
          <item key="target_cpu" value="x86_64" />
          <item key="target_os" value="darwin15" />
          <item key="target_vendor" value="apple" />
          <item key="topdir" value="$USER_HOME$/.rbenv/versions/2.4.3/lib/ruby/2.4.0/x86_64-darwin15" />
          <item key="vendorarchdir" value="$USER_HOME$/.rbenv/versions/2.4.3/lib/ruby/vendor_ruby/2.4.0/x86_64-darwin15" />
          <item key="vendorarchhdrdir" value="$USER_HOME$/.rbenv/versions/2.4.3/include/ruby-2.4.0/vendor_ruby/x86_64-darwin15" />
          <item key="vendordir" value="$USER_HOME$/.rbenv/versions/2.4.3/lib/ruby/vendor_ruby" />
          <item key="vendorhdrdir" value="$USER_HOME$/.rbenv/versions/2.4.3/include/ruby-2.4.0/vendor_ruby" />
          <item key="vendorlibdir" value="$USER_HOME$/.rbenv/versions/2.4.3/lib/ruby/vendor_ruby/2.4.0" />
          <item key="warnflags" value="-Wall -Wextra -Wno-unused-parameter -Wno-parentheses -Wno-long-long -Wno-missing-field-initializers -Wno-tautological-compare -Wno-parentheses-equality -Wno-constant-logical-operand -Wno-self-assign -Wunused-variable -Wimplicit-int -Wpointer-arith -Wwrite-strings -Wdeclaration-after-statement -Wshorten-64-to-32 -Wimplicit-function-declaration -Wdivision-by-zero -Wdeprecated-declarations -Wextra-tokens" />
        </RbConfig>
      </additional>
    </jdk>
  </component>
</application>